witness_ID;text_ID
Paris, Bibliotheque Nationale de France, lat. 8093;Versus de fide ad Avitum episcopum
codex_vestisssimus;Carmen de Christo
Manuscript_carmenchristo_02;Carmen de Christo
Sankt Gallen, StiftsB, 908;Carmina IV
Paris, Bibliotheque nationale de France, nouvel. acq. lat. 2290;Panegyrici II in Aetium
Amiens, Bibliotheque Municipale, 404;Evangeliorum libri IV
Antwerpen, Museum Plantin-Moretus, M 312 (Denuce 62);Evangeliorum libri IV
Berlin, Staatsbibliothek zu berlin, Preussischer Kulturbesitz, Philipps 1824 (Rose 169);Evangeliorum libri IV
Bern, Burgerbilbiothek, 534;Evangeliorum libri IV
Bernkastel-kues, Bibliothek des Sankt Nikolaus-Hospitals, 171, legatura (frg.);Evangeliorum libri IV
Bruxelles, Bibliotheque royale de Belgique, 9964-66 (1179);Evangeliorum libri IV
Cambridge, Corpus Christi College, 304;Evangeliorum libri IV
Cambridge, University Library, Gg 4 42;Evangeliorum libri IV
Cambridge, University Library, Gg 5 35;Evangeliorum libri IV
Charleville-Mezieres, Bibliotheque Municipale, 103;Evangeliorum libri IV
Epinal, Bibliotheque Municipale, 74(161);Evangeliorum libri IV
Firenze , Biblioteca Medicela Laurenziana, San Marco 769;Evangeliorum libri IV
Gdansk, Biblioteka Gdanska polskiej Akademii Nauk, 2396 (Stadtbibliothek, XVII A 66);Evangeliorum libri IV
Grenoble, Bibliotheque Municipale, 859 (195);Evangeliorum libri IV
Karlsruhe, Badische Landesbibliothek, Augiensis perg. 112;Evangeliorum libri IV
Karlsruhe, Badische Landesbibliothek, Augiensis perg. 217 18;Evangeliorum libri IV
Karlsruhe, Badische Landesbibliothek, Augiensis 217.;Evangeliorum libri IV
Klosterneuburg, Bibliothek des Augustiner-Chorher-renstiftes, 1243;Evangeliorum libri IV
Laon, Bibliotheque Municipale, 101;Evangeliorum libri IV
London, British Library, Add. 19723;Evangeliorum libri IV
London, British Library, Harley 3093;Evangeliorum libri IV
London, British Library, Royal 15 A XVI;Evangeliorum libri IV
Madrid, Biblioteca Nacional, 10029;Evangeliorum libri IV
Metz, Bibliotheque Municipale, 519;Evangeliorum libri IV
Milano, Biblioteca Ambrosiana, C 74 sup.;Evangeliorum libri IV
Montecassino, Biblioteca del Monumento Nazionale di Monte Cassino, 326;Evangeliorum libri IV
Montecassino, Biblioteca del Monumento Nazionale di Monte Cassino, 560;Evangeliorum libri IV
Montpellier, Bibliotheque interuniversitaire, Faculte de Medecine, H 362;Evangeliorum libri IV
Munchen, Bayerische Staatsbibliothek, Clm 6402;Evangeliorum libri IV
Munchen, Bayerische Staatsbibliothek, Clm 19453;Evangeliorum libri IV
Munchen, Bayerische Staatsbibliothek, Clm 19454;Evangeliorum libri IV
Munchen, Bayerische Staatsbibliothek, Clm 29334 (fgr) + Clm 18329(PIATTO ANTIORE)+Clm 18532b+Clm 19389;Evangeliorum libri IV
Orleans, Mediatheque de la ville, 295(248 bis);Evangeliorum libri IV
Oxford, Bodleian Library, Barlow 25;Evangeliorum libri IV
Oxford, Bodleian Library, Bodley 527;Evangeliorum libri IV
Paris, Bibliotheque Nationale de France, lat. 9347;Evangeliorum libri IV
Paris, Bibliotheque Nationale de France, lat. 10307;Evangeliorum libri IV
Paris, Bibliotheque Nationale de France, lat. 14758;Evangeliorum libri IV
Paris, Bibliotheque Nationale de France, lat. 18553;Evangeliorum libri IV
Paris, Bibliotheque Sainte-Genevievre, 2410;Evangeliorum libri IV
Saint-Omer, Bibliotheque dAgglomeration de Saint-Omer, 266;Evangeliorum libri IV
Sankt-Gallen, Stiftsbibliothek, 197;Evangeliorum libri IV
Trier, Stadtbibliothek, 169/25;Evangeliorum libri IV
Vaticano, Biblioteca Apostolica Vaticana, Ottob. lat. 35;Evangeliorum libri IV
Vaticano, Biblioteca Apostolica Vaticana, Reg. lat. 333;Evangeliorum libri IV
Vaticano, Biblioteca Apostolica Vaticana, Vat. lat. 5759;Evangeliorum libri IV
Vaticano, Biblioteca Apostolica Vaticana, Vat. lat. 13501;Evangeliorum libri IV
Venezia, Biblioteca Nazionale di San Marco, lat. XII 138 (4390);Evangeliorum libri IV
Wolfenbutell, Herzog-August-Bibliothek, Helmst. 553;Evangeliorum libri IV
Wolfenbutell, Herzog-August-Bibliothek, Gud. lat. 191;Evangeliorum libri IV
Zurich, Zentralbibliothek, C 68 (384);Evangeliorum libri IV
Angers, Bibliotheque Municipale, 148 (140);Evangeliorum libri IV
Leon, Archivio Catedralicio, fragm. 8;Evangeliorum libri IV
Wurzburg, Universitatbibliothek, Mp. th. f. 180;Evangeliorum libri IV
Brescia, Biblioteca Civica Queriana, C VII 15;Evangeliorum libri IV
Dresden, Sasische Landesbibliothek-Staats-und Universitatsbibliothek, A 186;Evangeliorum libri IV
Firenze, Biblioteca Medicea Laurenziana, Plut. 23.15;Evangeliorum libri IV
Firenze, Biblioteca Medicea Laurenziana, Plut. 26.20;Evangeliorum libri IV
Firenze, Biblioteca Medicea Laurenziana, Strozzi 135;Evangeliorum libri IV
Firenze, Biblioteca Nazionale Centrale Conv. Soppr. I 9 35;Evangeliorum libri IV
Firenze, Biblioteca Riccardiana e Moreniana, 409;Evangeliorum libri IV
Firenze, Biblioteca Riccardiana e Moreniana, 438;Evangeliorum libri IV
Gent, Universiteit Gent, Bibliotheek, 17(463);Evangeliorum libri IV
London, British Library, Add. 19744;Evangeliorum libri IV
Madrid, Biblioteca Nacional, 1574;Evangeliorum libri IV
Milano, Biblioteca Ambrosiana, E 57 sup.;Evangeliorum libri IV
Milano, Biblioteca Ambrosiana, H 20 sup.;Evangeliorum libri IV
Milano, Biblioteca Ambrosiana, H 80 sup.;Evangeliorum libri IV
Oxford, Bodleian Library, Lat. th. d. 4;Evangeliorum libri IV
Padova, Archivio e Biblioteca Capitolare, C 74;Evangeliorum libri IV
Paris, Bibliotheque nationale de France, lat. 8321;Evangeliorum libri IV
Roma, Biblioteca Nazionale Centrale Vittorio Emmanuele II, Vittorio Emanuele 952;Evangeliorum libri IV
Vaticano, Biblioteca Apostolica Vaticana, Urb. lat. 665;Evangeliorum libri IV
Vaticano, Biblioteca Apostolica Vaticana, Vat. lat. 5185;Evangeliorum libri IV
Vendome, Bibliotheque Municipale, 165;Evangeliorum libri IV
Volterra, Biblioteca Comunale Guarnacciana, 6150;Evangeliorum libri IV
Escorial, Real Biblioteca del Monasterio de San Lorenzo del Escorial, E I 13;Evangeliorum libri IV
Cambridge, Corpus Christi College, 223;corpus_prudentii
Durham, Cathedral Library (Dean and Chapter Library), B IV 9;corpus_prudentii
Milano, Biblioteca Ambrosiana, D 36 sup.;corpus_prudentii
Vaticano, Biblioteca Apostolica Vaticana, Reg. lat. 321;corpus_prudentii
Paris, Bibliotheque Nationale de France, lat. 8305;corpus_prudentii
Leiden, Bibliotheek der Rijksuniversiteit, Burm. Q 3;corpus_prudentii
Paris, Bibliotheque Nationale de France, lat. 8083;corpus_prudentii
Sankt Gallen, Stiftsbibliothek, 136 (olim 294);corpus_prudentii
Bern, Burgerbibliothek, 264;corpus_prudentii
Montecassino, Biblioteca del Monumento Nazionale di Monte Cassino, 374 (olim 403);corpus_prudentii
Oxford, Oriel College, 3;corpus_prudentii
Cambridge, Corpus Christi College, 23;corpus_prudentii
Vaticano, Biblioteca Apostolica Vaticana, Reg. lat. 2078;corpus_prudentii
Orleans, Bibliotheque Municipale, 307;corpus_prudentii
Manuscript_Praef_Op1;corpus_prudentii
Manuscript_Praef_Op2;corpus_prudentii
Manuscript_Praef_Op3;corpus_prudentii
Manuscript_Praef_Op4;corpus_prudentii
Manuscript_Praef_Op5;corpus_prudentii
Manuscript_Praef_Op6;corpus_prudentii
Manuscript_Praef_Op7;corpus_prudentii
Manuscript_Praef_Op8;corpus_prudentii
Manuscript_Praef_Op9;corpus_prudentii
Manuscript_Praef_Op10;corpus_prudentii
Manuscript_Praef_Op11;corpus_prudentii
Manuscript_Praef_Op12;corpus_prudentii
Manuscript_Praef_Op13;corpus_prudentii
Manuscript_Praef_Op14;corpus_prudentii
Manuscript_Praef_Op15;corpus_prudentii
Manuscript_Praef_Op16;corpus_prudentii
Manuscript_Praef_Op17;corpus_prudentii
Manuscript_Praef_Op18;corpus_prudentii
Manuscript_Praef_Op19;corpus_prudentii
Manuscript_Praef_Op20;corpus_prudentii
Manuscript_Praef_Op21;corpus_prudentii
Manuscript_Praef_Op22;corpus_prudentii
Manuscript_Praef_Op23;corpus_prudentii
Manuscript_Praef_Op24;corpus_prudentii
Manuscript_CorpusP_01;corpus_prudentii
Manuscript_CorpusP_02;corpus_prudentii
Manuscript_CorpusP_03;corpus_prudentii
Manuscript_CorpusP_04;corpus_prudentii
Manuscript_CorpusP_05;corpus_prudentii
Manuscript_CorpusP_06;corpus_prudentii
Manuscript_CorpusP_07;corpus_prudentii
Manuscript_CorpusP_08;corpus_prudentii
Manuscript_CorpusP_09;corpus_prudentii
Manuscript_CorpusP_10;corpus_prudentii
Manuscript_CorpusP_11;corpus_prudentii
Manuscript_CorpusP_12;corpus_prudentii
Manuscript_CorpusP_13;corpus_prudentii
Manuscript_CorpusP_14;corpus_prudentii
Paris, Bibliotheque Nationale de France, lat. 8084;corpus_prudentii
Manuscript_Cathem_01;corpus_prudentii
Manuscript_Cathem_02;corpus_prudentii
Manuscript_Cathem_03;corpus_prudentii
Manuscript_Cathem_04;corpus_prudentii
Manuscript_Cathem_05;corpus_prudentii
Manuscript_Cathem_06;corpus_prudentii
Manuscript_Cathem_07;corpus_prudentii
Manuscript_Cathem_08;corpus_prudentii
Manuscript_Cathem_09;corpus_prudentii
Manuscript_Cathem_10;corpus_prudentii
Manuscript_Cathem_11;corpus_prudentii
Manuscript_Cathem_12;corpus_prudentii
Manuscript_Cathem_13;corpus_prudentii
Manuscript_Cathem_14;corpus_prudentii
Manuscript_Cathem_15;corpus_prudentii
Manuscript_Cathem_16;corpus_prudentii
Manuscript_Cathem_17;corpus_prudentii
Manuscript_Cathem_18;corpus_prudentii
Manuscript_Cathem_19;corpus_prudentii
Manuscript_Cathem_20;corpus_prudentii
Manuscript_Cathem_21;corpus_prudentii
Manuscript_Cathem_22;corpus_prudentii
Manuscript_Cathem_23;corpus_prudentii
Manuscript_Cathem_24;corpus_prudentii
Manuscript_CorpusP_15;corpus_prudentii
Manuscrit_LiberAp_01;corpus_prudentii
Manuscrit_LiberAp_02;corpus_prudentii
Manuscrit_LiberAp_03;corpus_prudentii
Manuscrit_LiberAp_04;corpus_prudentii
Manuscrit_LiberAp_05;corpus_prudentii
Manuscrit_LiberAp_06;corpus_prudentii
Manuscrit_LiberAp_07;corpus_prudentii
Manuscrit_LiberAp_08;corpus_prudentii
Manuscrit_LiberAp_09;corpus_prudentii
Manuscrit_LiberAp_10;corpus_prudentii
Manuscrit_LiberAp_11;corpus_prudentii
Manuscrit_LiberAp_12;corpus_prudentii
Manuscrit_LiberAp_13;corpus_prudentii
Manuscrit_LiberAp_14;corpus_prudentii
Manuscrit_LiberAp_15;corpus_prudentii
Manuscrit_LiberAp_16;corpus_prudentii
Manuscrit_LiberAp_17;corpus_prudentii
Manuscrit_LiberAp_18;corpus_prudentii
Manuscrit_LiberAp_19;corpus_prudentii
Manuscrit_LiberAp_20;corpus_prudentii
Manuscrit_LiberAp_21;corpus_prudentii
Manuscrit_LiberAp_22;corpus_prudentii
Manuscrit_LiberAp_23;corpus_prudentii
Manuscrit_LiberAp_24;corpus_prudentii
Manuscript_Hamartigenia_01;corpus_prudentii
Manuscript_Hamartigenia_02;corpus_prudentii
Manuscript_Hamartigenia_03;corpus_prudentii
Manuscript_Hamartigenia_04;corpus_prudentii
Manuscript_Hamartigenia_05;corpus_prudentii
Manuscript_Hamartigenia_06;corpus_prudentii
Manuscript_Hamartigenia_07;corpus_prudentii
Manuscript_Hamartigenia_08;corpus_prudentii
Manuscript_Hamartigenia_09;corpus_prudentii
Manuscript_Hamartigenia_10;corpus_prudentii
Manuscript_Hamartigenia_11;corpus_prudentii
Manuscript_Hamartigenia_12;corpus_prudentii
Manuscript_Hamartigenia_13;corpus_prudentii
Manuscript_Hamartigenia_14;corpus_prudentii
Manuscript_Hamartigenia_15;corpus_prudentii
Manuscript_Hamartigenia_16;corpus_prudentii
Manuscript_Hamartigenia_17;corpus_prudentii
Manuscript_Hamartigenia_18;corpus_prudentii
Manuscript_Hamartigenia_19;corpus_prudentii
Manuscript_Hamartigenia_20;corpus_prudentii
Manuscript_Hamartigenia_21;corpus_prudentii
Manuscript_Hamartigenia_22;corpus_prudentii
Manuscript_Hamartigenia_23;corpus_prudentii
Manuscript_Hamartigenia_24;corpus_prudentii
Manuscript_ConSymm_01;corpus_prudentii
Manuscript_ConSymm_02;corpus_prudentii
Manuscript_ConSymm_03;corpus_prudentii
Manuscript_ConSymm_04;corpus_prudentii
Manuscript_ConSymm_05;corpus_prudentii
Manuscript_ConSymm_06;corpus_prudentii
Manuscript_ConSymm_07;corpus_prudentii
Manuscript_ConSymm_08;corpus_prudentii
Manuscript_ConSymm_09;corpus_prudentii
Manuscript_ConSymm_10;corpus_prudentii
Manuscript_ConSymm_11;corpus_prudentii
Manuscript_ConSymm_12;corpus_prudentii
Manuscript_ConSymm_13;corpus_prudentii
Manuscript_ConSymm_14;corpus_prudentii
Manuscript_ConSymm_15;corpus_prudentii
Manuscript_ConSymm_16;corpus_prudentii
Manuscript_ConSymm_17;corpus_prudentii
Manuscript_ConSymm_18;corpus_prudentii
Manuscript_ConSymm_19;corpus_prudentii
Manuscript_ConSymm_20;corpus_prudentii
Manuscript_ConSymm_21;corpus_prudentii
Manuscript_ConSymm_22;corpus_prudentii
Manuscript_ConSymm_23;corpus_prudentii
Manuscript_ConSymm_24;corpus_prudentii
Manuscript_Perist_01;corpus_prudentii
Manuscript_Perist_02;corpus_prudentii
Manuscript_Perist_03;corpus_prudentii
Manuscript_Perist_04;corpus_prudentii
Manuscript_Perist_05;corpus_prudentii
Manuscript_Perist_06;corpus_prudentii
Manuscript_Perist_07;corpus_prudentii
Manuscript_Perist_08;corpus_prudentii
Manuscript_Perist_09;corpus_prudentii
Manuscript_Perist_10;corpus_prudentii
Manuscript_Perist_11;corpus_prudentii
Manuscript_Perist_12;corpus_prudentii
Manuscript_Perist_13;corpus_prudentii
Manuscript_Perist_14;corpus_prudentii
Manuscript_Perist_15;corpus_prudentii
Manuscript_Perist_16;corpus_prudentii
Manuscript_Perist_17;corpus_prudentii
Manuscript_Perist_18;corpus_prudentii
Manuscript_Perist_19;corpus_prudentii
Manuscript_Perist_20;corpus_prudentii
Manuscript_Perist_21;corpus_prudentii
Manuscript_Perist_22;corpus_prudentii
Manuscript_Perist_23;corpus_prudentii
Manuscript_Perist_24;corpus_prudentii
Manuscript_Ditto_01;corpus_prudentii
Manuscript_Ditto_02;corpus_prudentii
Manuscript_Ditto_03;corpus_prudentii
Manuscript_Ditto_04;corpus_prudentii
Manuscript_Ditto_05;corpus_prudentii
Manuscript_Ditto_06;corpus_prudentii
Manuscript_Ditto_07;corpus_prudentii
Manuscript_Ditto_08;corpus_prudentii
Manuscript_Ditto_09;corpus_prudentii
Manuscript_Ditto_10;corpus_prudentii
Manuscript_Ditto_11;corpus_prudentii
Manuscript_Ditto_12;corpus_prudentii
Manuscript_Ditto_13;corpus_prudentii
Manuscript_Ditto_14;corpus_prudentii
Manuscript_Ditto_15;corpus_prudentii
Manuscript_Ditto_16;corpus_prudentii
Manuscript_Ditto_17;corpus_prudentii
Manuscript_Ditto_18;corpus_prudentii
Manuscript_Ditto_19;corpus_prudentii
Manuscript_Ditto_20;corpus_prudentii
Manuscript_Ditto_21;corpus_prudentii
Manuscript_Ditto_22;corpus_prudentii
Manuscript_Ditto_23;corpus_prudentii
Manuscript_Ditto_24;corpus_prudentii
Manuscript_Deopusc_01;corpus_prudentii
Manuscript_Deopusc_02;corpus_prudentii
Manuscript_Deopusc_03;corpus_prudentii
Manuscript_Deopusc_04;corpus_prudentii
Manuscript_Deopusc_05;corpus_prudentii
Manuscript_Deopusc_06;corpus_prudentii
Manuscript_Deopusc_07;corpus_prudentii
Manuscript_Deopusc_08;corpus_prudentii
Manuscript_Deopusc_09;corpus_prudentii
Manuscript_Deopusc_10;corpus_prudentii
Manuscript_Deopusc_11;corpus_prudentii
Manuscript_Deopusc_12;corpus_prudentii
Manuscript_Deopusc_13;corpus_prudentii
Manuscript_Deopusc_14;corpus_prudentii
Manuscript_Deopusc_15;corpus_prudentii
Manuscript_Deopusc_16;corpus_prudentii
Manuscript_Deopusc_17;corpus_prudentii
Manuscript_Deopusc_18;corpus_prudentii
Manuscript_Deopusc_19;corpus_prudentii
Manuscript_Deopusc_20;corpus_prudentii
Manuscript_Deopusc_21;corpus_prudentii
Manuscript_Deopusc_22;corpus_prudentii
Manuscript_Deopusc_23;corpus_prudentii
Manuscript_Deopusc_24;corpus_prudentii
Manuscript_Psycho_01;corpus_prudentii
Manuscript_Psycho_02;corpus_prudentii
Manuscript_Psycho_03;corpus_prudentii
Manuscript_Psycho_04;corpus_prudentii
Manuscript_Psycho_05;corpus_prudentii
Manuscript_Psycho_06;corpus_prudentii
Manuscript_Psycho_07;corpus_prudentii
Manuscript_Psycho_08;corpus_prudentii
Manuscript_Psycho_09;corpus_prudentii
Manuscript_Psycho_10;corpus_prudentii
Manuscript_Psycho_11;corpus_prudentii
Manuscript_Psycho_12;corpus_prudentii
Manuscript_Psycho_13;corpus_prudentii
Manuscript_Psycho_14;corpus_prudentii
Manuscript_Psycho_15;corpus_prudentii
Manuscript_Psycho_16;corpus_prudentii
Manuscript_Psycho_17;corpus_prudentii
Manuscript_Psycho_18;corpus_prudentii
Manuscript_Psycho_19;corpus_prudentii
Manuscript_Psycho_20;corpus_prudentii
Manuscript_Psycho_21;corpus_prudentii
Manuscript_Psycho_22;corpus_prudentii
Manuscript_Psycho_23;corpus_prudentii
Manuscript_Psycho_24;corpus_prudentii
Manuscript_Psycho_25;corpus_prudentii
Manuscript_Psycho_26;corpus_prudentii
Manuscript_Psycho_27;corpus_prudentii
Manuscript_Psycho_28;corpus_prudentii
Manuscript_Psycho_29;corpus_prudentii
Manuscript_Psycho_30;corpus_prudentii
Manuscript_Psycho_31;corpus_prudentii
Manuscript_Psycho_32;corpus_prudentii
Manuscript_Psycho_33;corpus_prudentii
Manuscript_Psycho_34;corpus_prudentii
Manuscript_Psycho_35;corpus_prudentii
Manuscript_Psycho_36;corpus_prudentii
Manuscript_Psycho_37;corpus_prudentii
Manuscript_Psycho_38;corpus_prudentii
Manuscript_Psycho_39;corpus_prudentii
Manuscript_Psycho_40;corpus_prudentii
Manuscript_Psycho_41;corpus_prudentii
Manuscript_Psycho_42;corpus_prudentii
Manuscript_Psycho_43;corpus_prudentii
Manuscript_Psycho_44;corpus_prudentii
Manuscript_Psycho_45;corpus_prudentii
Manuscript_Psycho_46;corpus_prudentii
Manuscript_Psycho_47;corpus_prudentii
Manuscript_Psycho_48;corpus_prudentii
Manuscript_Psycho_49;corpus_prudentii
Manuscript_Psycho_50;corpus_prudentii
Manuscript_Psycho_51;corpus_prudentii
Manuscript_Psycho_52;corpus_prudentii
Manuscript_Psycho_53;corpus_prudentii
Manuscript_Psycho_54;corpus_prudentii
Manuscript_Psycho_55;corpus_prudentii
Manuscript_Psycho_56;corpus_prudentii
Manuscript_Psycho_57;corpus_prudentii
Manuscript_Psycho_58;corpus_prudentii
Manuscript_Psycho_59;corpus_prudentii
Manuscript_Psycho_60;corpus_prudentii
Paris, B, Arsenal, 483;corpus_prudentii
Paris, Bibliotheque Nationale de France, nouv. acqu. lat. 1405;Epistula ad Palchonium episcopium Bracarensem de reliquiis s. Stephani, una cum versione latina Luciani epistulae de inuentione corporis s. Stephani martyris
Paris, Bibliotheque Nationale de France,  lat. 5306;Epistula ad Palchonium episcopium Bracarensem de reliquiis s. Stephani, una cum versione latina Luciani epistulae de inuentione corporis s. Stephani martyris
Edition of Mombrizio, Sanctuarium;Epistula ad Palchonium episcopium Bracarensem de reliquiis s. Stephani, una cum versione latina Luciani epistulae de inuentione corporis s. Stephani martyris
Bruxelles Bibliotheque royale de Belgique, 64;Epistula ad Palchonium episcopium Bracarensem de reliquiis s. Stephani, una cum versione latina Luciani epistulae de inuentione corporis s. Stephani martyris
Bruxelles Bibliotheque royale de Belgique, 98-100;Epistula ad Palchonium episcopium Bracarensem de reliquiis s. Stephani, una cum versione latina Luciani epistulae de inuentione corporis s. Stephani martyris
Namur, Musee archeologique de la province de Namur, 2;Epistula ad Palchonium episcopium Bracarensem de reliquiis s. Stephani, una cum versione latina Luciani epistulae de inuentione corporis s. Stephani martyris
Liege, Bibliotheque universitaire, 210;Epistula ad Palchonium episcopium Bracarensem de reliquiis s. Stephani, una cum versione latina Luciani epistulae de inuentione corporis s. Stephani martyris
Paris, Bibliotheque Nationale de France, lat. 1646;Epistula ad Palchonium episcopium Bracarensem de reliquiis s. Stephani, una cum versione latina Luciani epistulae de inuentione corporis s. Stephani martyris
Douai, Bibliotheque Municipale, 867;Epistula ad Palchonium episcopium Bracarensem de reliquiis s. Stephani, una cum versione latina Luciani epistulae de inuentione corporis s. Stephani martyris
Paris, Bibliotheque Nationale de France,  lat.13761;Epistula ad Palchonium episcopium Bracarensem de reliquiis s. Stephani, una cum versione latina Luciani epistulae de inuentione corporis s. Stephani martyris
Paris, Bibliotheque Nationale de France, lat. 3789;Epistula ad Palchonium episcopium Bracarensem de reliquiis s. Stephani, una cum versione latina Luciani epistulae de inuentione corporis s. Stephani martyris
Paris, Bibliotheque Nationale de France,  lat. 3822;Epistula ad Palchonium episcopium Bracarensem de reliquiis s. Stephani, una cum versione latina Luciani epistulae de inuentione corporis s. Stephani martyris
Bruxelles, Bibliotheque royale de Belgique, II 1181;Epistula ad Palchonium episcopium Bracarensem de reliquiis s. Stephani, una cum versione latina Luciani epistulae de inuentione corporis s. Stephani martyris
Paris, Bibliotheque Nationale de France, lat. 12600;Epistula ad Palchonium episcopium Bracarensem de reliquiis s. Stephani, una cum versione latina Luciani epistulae de inuentione corporis s. Stephani martyris
Bruxelles, Bibliotheque royale de Belgique, II 2310;Epistula ad Palchonium episcopium Bracarensem de reliquiis s. Stephani, una cum versione latina Luciani epistulae de inuentione corporis s. Stephani martyris
Bruxelles, Bibliotheque royale de Belgique, 982;Epistula ad Palchonium episcopium Bracarensem de reliquiis s. Stephani, una cum versione latina Luciani epistulae de inuentione corporis s. Stephani martyris
Paris, Bibliotheque Nationale de France, lat. 2873 A;Epistula ad Palchonium episcopium Bracarensem de reliquiis s. Stephani, una cum versione latina Luciani epistulae de inuentione corporis s. Stephani martyris
Bruxelles, Bibliotheque Royale de Belgique, 9742;Epistula ad Palchonium episcopium Bracarensem de reliquiis s. Stephani, una cum versione latina Luciani epistulae de inuentione corporis s. Stephani martyris
Namur, Bibliotheque du Grand Seminaire, 45;Epistula ad Palchonium episcopium Bracarensem de reliquiis s. Stephani, una cum versione latina Luciani epistulae de inuentione corporis s. Stephani martyris
Bruxelles, Bibliotheque royale de Belgique, 380-382;Epistula ad Palchonium episcopium Bracarensem de reliquiis s. Stephani, una cum versione latina Luciani epistulae de inuentione corporis s. Stephani martyris
Paris, Bibliotheque Nationale de France, lat. 13758;Epistula ad Palchonium episcopium Bracarensem de reliquiis s. Stephani, una cum versione latina Luciani epistulae de inuentione corporis s. Stephani martyris
Paris, Bibliotheque Nationale de France, lat. 5365;Epistula ad Palchonium episcopium Bracarensem de reliquiis s. Stephani, una cum versione latina Luciani epistulae de inuentione corporis s. Stephani martyris
Paris, Bibliotheque Nationale de France, lat. 16734;Epistula ad Palchonium episcopium Bracarensem de reliquiis s. Stephani, una cum versione latina Luciani epistulae de inuentione corporis s. Stephani martyris
Paris, Bibliotheque Nationale de France, lat. 5274;Epistula ad Palchonium episcopium Bracarensem de reliquiis s. Stephani, una cum versione latina Luciani epistulae de inuentione corporis s. Stephani martyris
Paris, Bibliotheque Nationale de France, lat. 5312;Epistula ad Palchonium episcopium Bracarensem de reliquiis s. Stephani, una cum versione latina Luciani epistulae de inuentione corporis s. Stephani martyris
Paris, Bibliotheque Nationale de France, lat. 3793;Epistula ad Palchonium episcopium Bracarensem de reliquiis s. Stephani, una cum versione latina Luciani epistulae de inuentione corporis s. Stephani martyris
Paris, Bibliotheque Nationale de France, lat. 5566;Epistula ad Palchonium episcopium Bracarensem de reliquiis s. Stephani, una cum versione latina Luciani epistulae de inuentione corporis s. Stephani martyris
Bruxelles, Bibliotheque royale de Belgique, II 973;Epistula ad Palchonium episcopium Bracarensem de reliquiis s. Stephani, una cum versione latina Luciani epistulae de inuentione corporis s. Stephani martyris
Bruxelles, Bibliotheque royale de Belgique, II 2559;Epistula ad Palchonium episcopium Bracarensem de reliquiis s. Stephani, una cum versione latina Luciani epistulae de inuentione corporis s. Stephani martyris
Paris, Bibliotheque Nationale de France, lat. 10844;Epistula ad Palchonium episcopium Bracarensem de reliquiis s. Stephani, una cum versione latina Luciani epistulae de inuentione corporis s. Stephani martyris
Paris, Bibliotheque Nationale de France,lat. 5301;Epistula ad Palchonium episcopium Bracarensem de reliquiis s. Stephani, una cum versione latina Luciani epistulae de inuentione corporis s. Stephani martyris
Bruxelles, Bibliotheque royale de Belgique, 8690-8702;Epistula ad Palchonium episcopium Bracarensem de reliquiis s. Stephani, una cum versione latina Luciani epistulae de inuentione corporis s. Stephani martyris
Paris, Bibliotheque Nationale de France, lat. 12606;Epistula ad Palchonium episcopium Bracarensem de reliquiis s. Stephani, una cum versione latina Luciani epistulae de inuentione corporis s. Stephani martyris
C. Baronio(Baronius), Annales ecclesiastici;Epistula ad Palchonium episcopium Bracarensem de reliquiis s. Stephani, una cum versione latina Luciani epistulae de inuentione corporis s. Stephani martyris
Napoli, Biblioteca Nazionale Vittorio Emmanuele III, VIII 8 B4;Epistula ad Palchonium episcopium Bracarensem de reliquiis s. Stephani, una cum versione latina Luciani epistulae de inuentione corporis s. Stephani martyris
Napoli, Biblioteca Nazionale Vittorio Emmanuele III, VIII B 6;Epistula ad Palchonium episcopium Bracarensem de reliquiis s. Stephani, una cum versione latina Luciani epistulae de inuentione corporis s. Stephani martyris
Roma, Biblioteca Vallicelliana, Tomo I;Epistula ad Palchonium episcopium Bracarensem de reliquiis s. Stephani, una cum versione latina Luciani epistulae de inuentione corporis s. Stephani martyris
Roma, Biblioteca Vallicelliana, Tomo XIV;Epistula ad Palchonium episcopium Bracarensem de reliquiis s. Stephani, una cum versione latina Luciani epistulae de inuentione corporis s. Stephani martyris
Benevento, Biblioteca Capitolare, 1;Epistula ad Palchonium episcopium Bracarensem de reliquiis s. Stephani, una cum versione latina Luciani epistulae de inuentione corporis s. Stephani martyris
Paris, Bibliotheque Nationale de France, lat. 3278;Epistula ad Palchonium episcopium Bracarensem de reliquiis s. Stephani, una cum versione latina Luciani epistulae de inuentione corporis s. Stephani martyris
Wien, Osterreichische Nationalbibliothek, 420;Epistula ad Palchonium episcopium Bracarensem de reliquiis s. Stephani, una cum versione latina Luciani epistulae de inuentione corporis s. Stephani martyris
Vaticano, Biblioteca Apostolica Vaticana, Reg. lat. 528;Epistula ad Palchonium episcopium Bracarensem de reliquiis s. Stephani, una cum versione latina Luciani epistulae de inuentione corporis s. Stephani martyris
Orleans, Mediatheque, 337(285);Epistula ad Palchonium episcopium Bracarensem de reliquiis s. Stephani, una cum versione latina Luciani epistulae de inuentione corporis s. Stephani martyris
Paris, Bibliotheque Nationale de France, lat. 3851 A;Epistula ad Palchonium episcopium Bracarensem de reliquiis s. Stephani, una cum versione latina Luciani epistulae de inuentione corporis s. Stephani martyris
Paris, Bibliotheque Nationale de France, lat. 5575;Epistula ad Palchonium episcopium Bracarensem de reliquiis s. Stephani, una cum versione latina Luciani epistulae de inuentione corporis s. Stephani martyris
Vaticano, Biblioteca Apostolica Vaticana, Reg. lat. 247;Epistula ad Palchonium episcopium Bracarensem de reliquiis s. Stephani, una cum versione latina Luciani epistulae de inuentione corporis s. Stephani martyris
Vaticano, Biblioteca Apostolica Vaticana, Reg. lat. 566;Epistula ad Palchonium episcopium Bracarensem de reliquiis s. Stephani, una cum versione latina Luciani epistulae de inuentione corporis s. Stephani martyris
Vaticano, Biblioteca Apostolica Vaticana, Ottob. lat. 141;Epistula ad Palchonium episcopium Bracarensem de reliquiis s. Stephani, una cum versione latina Luciani epistulae de inuentione corporis s. Stephani martyris
Vaticano, Biblioteca Apostolica Vaticana, Vat. lat. 6073;Epistula ad Palchonium episcopium Bracarensem de reliquiis s. Stephani, una cum versione latina Luciani epistulae de inuentione corporis s. Stephani martyris
Vaticano, Biblioteca Apostolica Vaticana, Barb. lat. 586;Epistula ad Palchonium episcopium Bracarensem de reliquiis s. Stephani, una cum versione latina Luciani epistulae de inuentione corporis s. Stephani martyris
Sankt-Gallen, Stiftsbibliothek, 174;Epistula ad Palchonium episcopium Bracarensem de reliquiis s. Stephani, una cum versione latina Luciani epistulae de inuentione corporis s. Stephani martyris
Sankt-Gallen, Stiftsbibliothek, 280;Epistula ad Palchonium episcopium Bracarensem de reliquiis s. Stephani, una cum versione latina Luciani epistulae de inuentione corporis s. Stephani martyris
Saint-Omer, Bibliotheque dAgglomerationde Saint-Omer, 791;Epistula ad Palchonium episcopium Bracarensem de reliquiis s. Stephani, una cum versione latina Luciani epistulae de inuentione corporis s. Stephani martyris
Vaticano, Biblioteca Apostolica Vaticana, Borgh. lat. 297;Epistula ad Palchonium episcopium Bracarensem de reliquiis s. Stephani, una cum versione latina Luciani epistulae de inuentione corporis s. Stephani martyris
Vaticano, Biblioteca Apostolica Vaticana, Vat. lat. 1188;Epistula ad Palchonium episcopium Bracarensem de reliquiis s. Stephani, una cum versione latina Luciani epistulae de inuentione corporis s. Stephani martyris
Admont, Bibliothek des Benediktinerstifts, 352;Epistula ad Ianuarium
Bamberg, Staatsbibliothek, Patr. 112 (B IV 25);Epistula ad Ianuarium
Berlin, Staatsbibliothek zu Berlin, Preussischer Kulturbesitz, Theol. lat. 4169;Epistula ad Ianuarium
Berlin, Staatsbibliothek zu Berlin, Preussischer Kulturbesitz, Theol. lat. 4241a;Epistula ad Ianuarium
Bordeaux, Bibliotheque Municipale, 11;Epistula ad Ianuarium
Bruxelles, Bibliotheque Royale de Belgique II 1066 (3065);Epistula ad Ianuarium
Cambridge, Gonville and Caius College, 114/183;Epistula ad Ianuarium
Heiligenkreuz, Stiftsbibliothek, 284;Epistula ad Ianuarium
Leipzig, Universitatbibliothek, 351;Epistula ad Ianuarium
London, British Library, Egerton 3266;Epistula ad Ianuarium
Merseburg, Domstiftsbibliothek, I 93;Epistula ad Ianuarium
Milano, Biblioteca Ambrosiana, H 61 sup.;Epistula ad Ianuarium
Mons, Bibliotheque publique et universitaire, 47/217;Epistula ad Ianuarium
Montpellier, Bibliotheque interuniversitaire, Faculte de Medecine, H 539;Epistula ad Ianuarium
Munchen, Bayerische Staatsbibliothek, Clm 2560;Epistula ad Ianuarium
Munchen, Bayerische Staatsbibliothek, Clm 14714;Epistula ad Ianuarium
Napoli, Biblioteca Nazionale Vittorio Emmanuele III, ex Vind. lat. 17;Epistula ad Ianuarium
Oxford, Bodleian Library, Bodl. 633;Epistula ad Ianuarium
Oxford, Bodleian Library,Laud. misc. 578;Epistula ad Ianuarium
Oxford, Corpus Christi College, 139;Epistula ad Ianuarium
Paris, Bibliotheque nationale de France, lat. 2374;Epistula ad Ianuarium
Paris, Bibliotheque nationale de France, lat. 14849;Epistula ad Ianuarium
Paris, Bibliotheque nationale de France, lat. 14893;Epistula ad Ianuarium
Rein, Stifsbibliothek, 23;Epistula ad Ianuarium
Rouen, Bibliotheque municipale 665 (A453);Epistula ad Ianuarium
Shrewbury, Shrewbury School, 26;Epistula ad Ianuarium
Strasbourg, Bibliotheque nationale et universitaire, 34 (Latin 32);Epistula ad Ianuarium
Troyes, Bibliotheque Municipale, 1398;Epistula ad Ianuarium
Tubingen, Wilhemsstift (Konviktsbibliothek), Gb 437;Epistula ad Ianuarium
Vaticano, Biblioteca Apostolica Vaticana, Ottob. lat. 526;Epistula ad Ianuarium
Vaticano, Biblioteca Apostolica Vaticana, Reg. lat. 486;Epistula ad Ianuarium
Vaticano, Biblioteca Apostolica Vaticana, Vat. lat 3834;Epistula ad Ianuarium
Wien, Osterreichische Nationalbibliothek, 923;Epistula ad Ianuarium
Wien, Osterreichische Nationalbibliothek, 967;Epistula ad Ianuarium
Wien, Osterreichische Nationalbibliothek, 1059;Epistula ad Ianuarium
Wien, Osterreichische Nationalbibliothek, 3968;Epistula ad Ianuarium
Wien, Osterreichische Nationalbibliothek, 4415;Epistula ad Ianuarium
Manuscript_ArrasSaintVaast;Epistula ad Ianuarium
Manuscript_Bamberg_Michelsberg;Epistula ad Ianuarium
Manuscript_Beziers_SaintAphrodise;Epistula ad Ianuarium
ManuscriptBury_Saint-Edmonds;Epistula ad Ianuarium
ManuscriptCanterbury_ChristChurch;Epistula ad Ianuarium
ManuscriptDoverSaintMartinsPriorys;Epistula ad Ianuarium
Manuscript_FuldaDombibliothek;Epistula ad Ianuarium
Manuscript_FuldaDombibliothekbis;Epistula ad Ianuarium
Manuscript_Heiligenkreuz;Epistula ad Ianuarium
Manuscript_Peterbourough,Abbey;Epistula ad Ianuarium
Manuscript_PeterbouroughAbbeybis;Epistula ad Ianuarium
Manuscript_Ramsey;Epistula ad Ianuarium
Manuscript_Selincourt;Epistula ad Ianuarium
Manuscript_SantesCreus;Epistula ad Ianuarium
Manuscript_Royaumont;Epistula ad Ianuarium
Sankt-Gallen, Stiftstbibliothek, 190;Epistulae II 
Milano, Biblioteca Ambrosiana, O 112 sup.;De fide
Troyes, Bibliotheque Municipale (Mediatheque de lagglomeration troyenne), 1979;De fide
Barcelona, Archivo de la Corona de Aragon, Ripoll 151;De fide
Vaticano, Biblioteca Apostolica Vaticana, Reg. lat. 194;De fide
Manuscript_codexFulda;De fide
Manuscript_codexLugdunensis;De fide
Marseille, Bibliotheque Municipale, 209;Epistulae ad Augustinum: Epistola 11
Paris, Bibliotheque Nationale de France, lat. 16861;Epistulae ad Augustinum: Epistola 11
Boulogne-sur-mer, Bibliotheque Municipale, 58, tom. 1;Epistulae ad Augustinum: Epistola 119
Bruxelles, Bibliotheque Royale de Belgique, 272-274;Epistulae ad Augustinum: Epistola 119
Bruxelles, Bibliotheque Royale de Belgique, 365-79;Epistulae ad Augustinum: Epistola 119
Escorial, Real Biblioteca del Monasterio de San Lorenzo del Escorial, a I 10;Epistulae ad Augustinum: Epistola 119
Erpernburg bei Buren, Schlossbibliothek des Freiherrn von und zu Brenken, 79;Epistulae ad Augustinum: Epistola 119
Firenze, Biblioteca Medicea Laurenziana,Fies. 11;Epistulae ad Augustinum: Epistola 119
Liege, Bibliotheque universitaire, 13;Epistulae ad Augustinum: Epistola 119
Melk, Stiftsbibliothek, 562(196);Epistulae ad Augustinum: Epistola 119
Paris, Bibliotheque Nationale de France,  lat. 1929;Epistulae ad Augustinum: Epistola 119
Saint-Omer, Bibliotheque Municipale, 142;Epistulae ad Augustinum: Epistola 119
Toledo, Archivio y Biblioteca Capitular, 14-9;Epistulae ad Augustinum: Epistola 119
Troyes, Bibliotheque municipale, 40 tom.8;Epistulae ad Augustinum: Epistola 119
Utrecht, Universiteibibliotheek, 45 (2 A 2);Epistulae ad Augustinum: Epistola 119
Vaticano, Biblioteca Apostolica Vaticana, Chig. A VII 211;Epistulae ad Augustinum: Epistola 119
Vaticano, Biblioteca Apostolica Vaticana, Ross. 259;Epistulae ad Augustinum: Epistola 119
Vaticano, Biblioteca Apostolica Vaticana, Urb. lat. 80;Epistulae ad Augustinum: Epistola 119
Vaticano, Biblioteca Apostolica Vaticana, Vat. lat. 446;Epistulae ad Augustinum: Epistola 119
Vaticano, Biblioteca Apostolica Vaticana, Vat. lat. 495;Epistulae ad Augustinum: Epistola 119
Vaticano, Biblioteca Apostolica Vaticana, Vat. lat. 499;Epistulae ad Augustinum: Epistola 119
Vaticano, Biblioteca Apostolica Vaticana, Vat. lat. 9421;Epistulae ad Augustinum: Epistola 119
Venezia, Biblioteca Nazionale di San Marco, lat. Z 70(1803);Epistulae ad Augustinum: Epistola 119
Vic, Arxiu i Biblioteca Episcopal, 59;Epistulae ad Augustinum: Epistola 119
Wien, Osterreiche Nationalbibliothek, 653;Epistulae ad Augustinum: Epistola 119
Wien, Osterreiche Nationalbibliothek, 959;Epistulae ad Augustinum: Epistola 119
Wien, Osterreiche Nationalbibliothek, 4604;Epistulae ad Augustinum: Epistola 119
Arezzo, B. Citta, 405;Itinerarium Egeriae
fragment_Madrid;Itinerarium Egeriae
manuscript_SanSalvadordiCelanovamonastery;Itinerarium Egeriae
manuscript_ SanMigueldelaVegamonastery;Itinerarium Egeriae
manuscript_Saint_Martial_Abbey;Itinerarium Egeriae
Paris, Bibliotheque Nationale de France, lat. 13344;De similitudine carnis pecati
Paris, Bibliotheque Nationale de France, lat.1688;De similitudine carnis pecati
Vaticano, Biblioteca Apostolica Vaticana, Chigi A VIII 237;De similitudine carnis pecati
Cambridge, Trinity College, 990 (R 17 4);De similitudine carnis pecati
Vaticano, Biblioteca Apostolica Vaticana, Vat. lat. 303;De similitudine carnis pecati
Vaticano, Biblioteca Apostolica Vaticana, Vat. lat. 186;De similitudine carnis pecati
Vaticano, Biblioteca Apostolica Vaticana, Ottob. lat. 114;De similitudine carnis pecati
Vaticano, Biblioteca Apostolica Vaticana, Reg. lat. 1940;De similitudine carnis pecati
Vaticano, Biblioteca Apostolica Vaticana, Vat. lat. 4279;De similitudine carnis pecati
Paris, Bibliotheque Nationale de France, lat.1688;Epistula de contemnenda haereditate
Paris, Bibliotheque Nationale de France, lat.1933;Epistula de contemnenda haereditate
Cesena, Biblioteca Comunale Malatestiana, D VIII I;Epistula de contemnenda haereditate
Milano, Biblioteca Ambrosiana, C 250 inf.;Epistula de contemnenda haereditate
Firenze, Biblioteca Medicea Laurenziana, Plut. 19. 10;Epistula de contemnenda haereditate
Barcelona, Archivio de la Corona de Aragon, S. Cugat 35;Epistula de contemnenda haereditate
Bruxelles, Bibliotheque royale de Belgique, 112-114;Epistula de contemnenda haereditate
Holkham Hall, Library of the Earl of Leicester, 124;Epistula de contemnenda haereditate
Paris, Bibliotheque Mazarine, 574;Epistula de contemnenda haereditate
Vaticano, Biblioteca Apostolica Vaticana, Vat. lat. 344;Epistula de contemnenda haereditate
Venezia, Biblioteca Nazionale di San Marco, lat. Z 48 (1927);Epistula de contemnenda haereditate
Vaticano, Biblioteca Apostolica Vaticana, Vat. lat. 348;Epistula de contemnenda haereditate
Firenze, Biblioteca Nazionale Centrale, Panciatichi 43;Epistula de contemnenda haereditate
San Gimignano, Biblioteca Comunale, 34;Epistula de contemnenda haereditate
Firenze, Biblioteca Medicea Laurenziana, Fies. 27;Epistula de contemnenda haereditate
Vaticano, Biblioteca Apostolica Vaticana, Chigi A VIII 237;Epistula de contemnenda haereditate
Paris, Bibliotheque nationale de France, nouv. acq. lat. 2282;Epistula de contemnenda haereditate
Vaticano, Biblioteca Apostolica Vaticana, Vat. lat. 349;Epistula de contemnenda haereditate
Cambridge, Trinity College, 990 (R 17 4);Epistula de contemnenda haereditate
Vaticano, Biblioteca Apostolica Vaticana, Vat. lat. 303;Epistula de contemnenda haereditate
Barcelona, Biblioteca de la Universidad de Barcelona, 291(20-2-3);Epistula de contemnenda haereditate
Berlin, Staatsbibliothek zu Berlin, Preussischer Kulturbesitz, theol. lat. 2558;Epistula de contemnenda haereditate
Cesena, Biblioteca Comunale Malastiana, D XI 3;Epistula de contemnenda haereditate
Escorial, Real Biblioteca del Monasterio de San Lorenzo del Escorial, a II 11;Epistula de contemnenda haereditate
Firenze, Biblioteca Medicea Laurenziana, Plut. 19.13;Epistula de contemnenda haereditate
Paris, Bibliotheque Mazarine, 575;Epistula de contemnenda haereditate
Vaticano, Biblioteca Apostolica Vaticana, Vat. lat. 359;Epistula de contemnenda haereditate
Vaticano, Biblioteca Apostolica Vaticana, Ottob. lat. 114;Epistula de contemnenda haereditate
Vaticano, Biblioteca Apostolica Vaticana, Reg. lat. 1940;Epistula de contemnenda haereditate
Vaticano, Biblioteca Apostolica Vaticana, Vat. lat. 4279;Epistula de contemnenda haereditate
Paris, Bibliotheque Nationale de France, lat.1688;Epistula de perfecto homine
Paris, Bibliotheque Nationale de France, lat.1933;Epistula de perfecto homine
Auch, Bibliotheque Municipale, 5;Epistula de perfecto homine
Troyes, Bibliotheque Municipale, 1097;Epistula de perfecto homine
Paris, Bibliotheque Nationale de France, lat. 16380;Epistula de perfecto homine
Paris, Bibliotheque de lUniversite de Paris, 172;Epistula de perfecto homine
Cesena, Biblioteca Comunale Malatestiana, D VIII I;Epistula de perfecto homine
Milano, Biblioteca Ambrosiana, C 250 inf.;Epistula de perfecto homine
Firenze, Biblioteca Medicea Laurenziana, Plut. 19. 9;Epistula de perfecto homine
Paris, Bibliotheque Nationale de France, lat. 1891;Epistula de perfecto homine
Vaticano, Biblioteca Apostolica Vaticana, Vat. lat. 344;Epistula de perfecto homine
Vaticano, Biblioteca Apostolica Vaticana, Vat. lat. 348;Epistula de perfecto homine
Firenze, Biblioteca Nazionale Centrale, Panciatichi 43;Epistula de perfecto homine
San Gimignano, Biblioteca Comunale, 34;Epistula de perfecto homine
Firenze, Biblioteca Medicea Laurenziana, Fies. 27;Epistula de perfecto homine
Vaticano, Biblioteca Apostolica Vaticana, Chigi A VIII 237;Epistula de perfecto homine
Vaticano, Biblioteca Apostolica Vaticana, Vat. lat. 349;Epistula de perfecto homine
Cambridge, Trinity College, 990 (R 17 4);Epistula de perfecto homine
Berlin, Staatsbibliothek zu Berlin, Preussischer Kulturbesitz, theol. lat. 2558;Epistula de perfecto homine
Bruxelles, Bibliotheque Royale de Belgique, 269;Epistula de perfecto homine
Bruxelles, Bibliotheque Royale de Belgique, 615-624;Epistula de perfecto homine
Cambridge, University Library, Dd 7 2;Epistula de perfecto homine
Cesena, Biblioteca Comunale Malastiana, D XI 3;Epistula de perfecto homine
Paris, Bibliotheque Mazarine, 576;Epistula de perfecto homine
Vaticano, Biblioteca Apostolica Vaticana, Vat. lat. 359;Epistula de perfecto homine
Vaticano, Biblioteca Apostolica Vaticana, Ottob. lat. 114;Epistula de perfecto homine
Vaticano, Biblioteca Apostolica Vaticana, Reg. lat. 1940;Epistula de perfecto homine
Vaticano, Biblioteca Apostolica Vaticana, Vat. lat. 4279;Epistula de perfecto homine
Escorial, Real Biblioteca del Monasterio de San Lorenzo del Escorial;Epistula de vera circumcisione
Paris, Bibliotheque Nationale de France, lat.1688;Epistula de vera circumcisione
Paris, Bibliotheque Nationale de France, lat.1933;Epistula de vera circumcisione
Cesena, Biblioteca Comunale Malatestiana, D VIII I;Epistula de vera circumcisione
Milano, Biblioteca Ambrosiana, C 250 inf.;Epistula de vera circumcisione
Firenze, Biblioteca Medicea Laurenziana, Plut. 19. 9;Epistula de vera circumcisione
Paris, Bibliotheque Nationale de France, lat. 1890;Epistula de vera circumcisione
Barcelona, Archivio de la Corona de Aragon, S. Cugat 35;Epistula de vera circumcisione
Bruxelles, Bibliotheque royale de Belgique, 112-114;Epistula de vera circumcisione
Holkham Hall, Library of the Earl of Leicester, 124;Epistula de vera circumcisione
Paris, Bibliotheque Mazarine, 574;Epistula de vera circumcisione
Paris, Bibliotheque Nationale de France, lat. 1888;Epistula de vera circumcisione
Vaticano, Biblioteca Apostolica Vaticana, Urb. lat. 55;Epistula de vera circumcisione
Vaticano, Biblioteca Apostolica Vaticana, Vat. lat. 343;Epistula de vera circumcisione
Venezia, Biblioteca Nazionale di San Marco, lat. Z 48 (1927);Epistula de vera circumcisione
Munchen, Bayerische Staatsbibliothek, Clm 123;Epistula de vera circumcisione
Cesena, Biblioteca Comunale Malatestiana, D IX 2;Epistula de vera circumcisione
Firenze, Biblioteca Nazionale Centrale, Panciatichi 43;Epistula de vera circumcisione
San Gimignano, Biblioteca Comunale, 34;Epistula de vera circumcisione
Vaticano, Biblioteca Apostolica Vaticana, Chigi A VIII 237;Epistula de vera circumcisione
Cambridge, Trinity College, 990 (R 17 4);Epistula de vera circumcisione
Berlin, Staatsbibliothek zu Berlin, Preussischer Kulturbesitz, theol. lat. 2558;Epistula de vera circumcisione
Vaticano, Biblioteca Apostolica Vaticana, Ottob. lat. 114;Epistula de vera circumcisione
Vaticano, Biblioteca Apostolica Vaticana, Reg. lat. 1940;Epistula de vera circumcisione
Vaticano, Biblioteca Apostolica Vaticana, Vat. lat. 4279;Epistula de vera circumcisione
London, British Library, Add. 11695;De arca Noe
Madrid, Biblioteca Nacional, Vitr. 14.2;De arca Noe
Escorial, Real Biblioteca del Monasterio de San lorenzo del Escorial, & II 5;De arca Noe
Salamanca, Biblioteca Universitaria, 2632;De arca Noe
Paris, Bibliotheque nationale de France, lat. 8788;De arca Noe
Leon, A. Cat. 22;De arca Noe
Manuscript_Arca_07;De arca Noe
Manuscrit_Arca_08;De arca Noe
Manuscrit_Arca_09;De arca Noe
Manuscrit_Arca_10;De arca Noe
Manuscrit_Arca_11;De arca Noe
Manuscrit_Arca_12;De arca Noe
Manuscrit_Arca_13;De arca Noe
Manuscrit_Arca_14;De arca Noe
Manuscrit_Arca_15;De arca Noe
Manuscrit_Arca_16;De arca Noe
Manuscrit_Arca_17;De arca Noe
Manuscrit_Arca_18;De arca Noe
Montpellier, Bibliotheque Interuniversitaire, Faculte deMedecine, H 310;De arca Noe
Paris, Bibliotheque Nationale de France, lat. 2717;De fide orthodoxa
Bruxelles, Bibliotheque royale de Belgique, 5606-5610(953);De fide orthodoxa
Bern, Burgerbibliothek, 278;De fide orthodoxa
Metz, Bibliotheque Municipale, 230;De fide orthodoxa
Montecassino, Biblioteca del Monumento Nazionale di Monte Cassino, 18;De fide orthodoxa
Paris, Bibliotheque Nationale de France, lat. 1758;De fide orthodoxa
Douai, Bibliotheque Municipale, 225;De fide orthodoxa
Saint-Omer, Bibliotheque Municipale, 65;De fide orthodoxa
Gotha, Forschungs-und Landesbibliothek, Membr. I 60;De fide orthodoxa
Brugge, Stadsbibliotheek, 103;De fide orthodoxa
Trier, Stadtbibliothek, 121;De fide orthodoxa
codex from Liesses;De fide orthodoxa
Bernkastel-Kues, Bibliothek des Sankt Nikolaus-Hospitals, 38;De fide orthodoxa
Oxford, Bodleian Library, Laud. misc. 276;De fide orthodoxa
Novara, Biblioteca Capitolare del Duomo, 66 (XXX);De fide orthodoxa
Karlsruhe, Badische Landesbibliothek, Augiensis perg. 118;De fide orthodoxa
Munchen, Bayerische Staatsbibliothek, Clm 3787;De fide orthodoxa
Firenze, Biblioteca Medicea Laurenziana, Edil. 7;De fide orthodoxa
Firenze, biblioteca Medicea Laurenziana, Fies. 44;De fide orthodoxa
Vaticano, Biblioteca Apostolica Vaticana, Urb. lat. 60;De fide orthodoxa
Vaticano, Biblioteca Apostolica Vaticana, Vat. lat. 307;De fide orthodoxa
Hildesheim, Dombibliothek, 658;De fide orthodoxa
Munchen, Bayerische Staatsbibliothek, Clm 28617;De fide orthodoxa
Olomuc, Statni Vedecka Knihovna, M I 293;De fide orthodoxa
New Haven, Yale University Library, Beinecke 614;De fide orthodoxa
Reims, Bibliotheque Municipale, 295;De fide orthodoxa
Uppsala, Universitetsbiblioteket Carolina Rediuina, C 194;De fide orthodoxa
Nurnberg, Stadtbibliothek, Cent. I 11;De fide orthodoxa
Escorial, B. Mon., a II 3;De fide orthodoxa
Milano, B. Ambros., H 59 sup.;De psalmo XCI
Leon, A. Cat. 22;De psalmo XCI
Madrid, Biblioteca de la Real Academia de la Historia, 80;In genesim
Barcelona, Archivo Capitular de la Santa Iglesia Catedral Basilica de Barcelona, 64;Tractatus V de epithalamio libri 3-5
Lerida, Catedral, 2;Tractatus V de epithalamio libri 3-5
Madrid, Biblioteca Nacional, 3996;Tractatus V de epithalamio libri 3-5
Madrid, Biblioteca Nacional, 8873;Tractatus V de epithalamio libri 3-5
Porto, Biblioteca Publica Municipal, 800;Tractatus V de epithalamio libri 3-5
Madrid, Biblioteca de la Real Academia de la Historia, 80;Tractatus V de epithalamio libri 3-5
Barcelona, Archivo Capitular de la Santa Iglesia Catedral Basilica de Barcelona, 64;Tractatus V de epithalamio libri 1-2
Lerida, Catedral, 2;Tractatus V de epithalamio libri 1-2
Madrid, Biblioteca Nacional, 3996;Tractatus V de epithalamio libri 1-2
Madrid, Biblioteca Nacional, 8873;Tractatus V de epithalamio libri 1-2
Porto, Biblioteca Publica Municipal, 800;Tractatus V de epithalamio libri 1-2
Adversus Elipandum, Beato;Tractatus V de epithalamio libri 1-2
Orleans, Bibliotheque Municipale, 22 (19);Tractatus V de epithalamio libri 1-2
Saint-Omer, Bibliotheque Municipale, 150;Tractatus XX Origenis de libris SS. Scripturarum
(Lorsch Abbey, Germany);Tractatus XX Origenis de libris SS. Scripturarum
Paderborn, Erzbistumsarchiv Paderborn, Mittelalterliche Fragmente, Nr. 92;Tractatus XX Origenis de libris SS. Scripturarum
Leiden, Bibliotheek der Rijksuniversiteit, BPL 196;Tractatus XX Origenis de libris SS. Scripturarum
Florence, Biblioteca Laurenziana, Ashburnham 71 (23);Tractatus XX Origenis de libris SS. Scripturarum
Albi, Bibliotheque Municipale Rochegude, 99 (37);Tractatus XX Origenis de libris SS. Scripturarum
Girona, Archivo Capitular, s. n.;Epistulae II
Seo de Urel, Archivo de la Catedra, 2005;Epistulae II
Madrid, Biblioteca Nacional, 711;Epistulae II
Madrid, Biblioteca Nacional, 10041;Epistulae II
Madrid, Biblioteca Nacional, 13407;Epistulae II
Oxford, Bodleian Library, La. th. c. 5;Epistulae II
Paris, Bibliotheque Nationale de France, lat. 3850;Epistulae II
Toledo, Archivo y Biblioteca Capitular, 15-17;Epistulae II
Toledo, Archivo y Biblioteca Capitular, 27-24;Epistulae II
Vaticano, Biblioteca Apostolica Vaticana, Vat. lat. 4887;Epistulae II
Zaragoza, Archivo Diocesano, 6a Seccion : Temas administrativos/1a serie: Documentos de la Mensa Episcopal, Doc. 1;Epistulae II
Lugo, Biblioteca Capitular;Epistulae II
Carrion de los Condes(Palencia), Biblioteca del Monasterio de San Zoilo;Epistulae II
Ovideo, Biblioteca de la Catedral;Epistulae II
Grenoble, Bibliotheque Municipale, 262 (306);Epistulae II
Paris, Bibliotheque Nationale de France, lat. 2182;Sermo de baptismo
Vaticano, Biblioteca Apostolica Vaticana, Reg. lat. 331;Sermo de baptismo
Vaticano, Biblioteca Apostolica Vaticana, Vat. lat. 6211(parte I);Sermo de baptismo
Lyon, Bibliotheque Municipale, 5804;Sermo de baptismo
Paris, Bibliotheque Mazarine, 1631;Sermo de baptismo
Vitry-le-Francois, Bibliotheque Municipale, 2;Sermo de baptismo
Grenoble, Bibliotheque Municipale, 262 (306);Paranaenesis siue exhortatorius libellus ad paenitentiam
Paris, Bibliotheque Nationale de France, lat. 2182;Paranaenesis siue exhortatorius libellus ad paenitentiam
Vaticano, Biblioteca Apostolica Vaticana, Reg. lat. 331;Paranaenesis siue exhortatorius libellus ad paenitentiam
Lyon, Bibliotheque Municipale, 5804;Paranaenesis siue exhortatorius libellus ad paenitentiam
Paris, Bibliotheque Mazarine, 1631;Paranaenesis siue exhortatorius libellus ad paenitentiam
Vitry-le-Francois, Bibliotheque Municipale, 2;Paranaenesis siue exhortatorius libellus ad paenitentiam
Grenoble, Bibliotheque Municipale, 262 (306);Paranaenesis siue exhortatorius libellus ad paenitentiam
Paris, Bibliotheque Nationale de France, lat. 2182;Epistulae  III ad Sympronianum : Epistola I
Vaticano, Biblioteca Apostolica Vaticana, Reg. lat. 331;Epistulae  III ad Sympronianum : Epistola I
Lyon, Bibliotheque Municipale, 5804;Epistulae  III ad Sympronianum : Epistola I
Paris, Bibliotheque Mazarine, 1631;Epistulae  III ad Sympronianum : Epistola I
Vitry-le-Francois, Bibliotheque Municipale, 2;Epistulae  III ad Sympronianum : Epistola I
Grenoble, Bibliotheque Municipale, 262 (306);Epistulae  III ad Sympronianum : Epistola I
Paris, Bibliotheque Nationale de France, lat. 2182;Epistulae  III ad Sympronianum : Epistola III
Vaticano, Biblioteca Apostolica Vaticana, Reg. lat. 331;Epistulae  III ad Sympronianum : Epistola III
Lyon, Bibliotheque Municipale, 5804;Epistulae  III ad Sympronianum : Epistola III
Paris, Bibliotheque Mazarine, 1631;Epistulae  III ad Sympronianum : Epistola III
Vitry-le-Francois, Bibliotheque Municipale, 2;Epistulae  III ad Sympronianum : Epistola III
Grenoble, Bibliotheque Municipale, 262 (306);Epistulae  III ad Sympronianum : Epistola III
Paris, Bibliotheque Nationale de France, lat. 2182;Epistulae  III ad Sympronianum : Epistola II
Vaticano, Biblioteca Apostolica Vaticana, Reg. lat. 331;Epistulae  III ad Sympronianum : Epistola II
Lyon, Bibliotheque Municipale, 5804;Epistulae  III ad Sympronianum : Epistola II
Paris, Bibliotheque Mazarine, 1631;Epistulae  III ad Sympronianum : Epistola II
Vitry-le-Francois, Bibliotheque Municipale, 2;Epistulae  III ad Sympronianum : Epistola II
Vitry-le-Francois, Bibliotheque Municipale, 2;Epistulae  III ad Sympronianum : Epistola II
Escorial, Real Biblioteca del Monasterio de San Lorenzo del Escorial, d I 1;Epistulae  III ad Sympronianum : Epistola II
Escorial, Real Biblioteca del Monasterio de San Lorenzo del Escorial, d I 2;Libellus in modum symboli
Escorial, Real Biblioteca del Monasterio de San Lorenzo del Escorial, e I 12;Libellus in modum symboli
Escorial, Real Biblioteca del Monasterio de San Lorenzo del Escorial, e I 13;Libellus in modum symboli
Girona, Archivo Capitular, Codice Conciliar;Libellus in modum symboli
Karlsruhe, Badische Landesbibliothek, Augiensis perg. 18, f. 14rb;Libellus in modum symboli
Madrid, Biblioteca Nacional, 711;Libellus in modum symboli
Madrid, Biblioteca Nacional, 10041;Libellus in modum symboli
Madrid, Biblioteca Nacional, 13407;Libellus in modum symboli
Oxford, Bodleian Library, Lat. th. c. 5;Libellus in modum symboli
Paris, Bibliotheque Nationale de France, lat. 3850;Libellus in modum symboli
Seo de Urgel, Archivo de la Catedral, 2005;Libellus in modum symboli
Toledo ,Archivio y Biblioteca Capitular, 15-17;Libellus in modum symboli
Roma, Biblioteca Vallicelliana, D 18;Libellus in modum symboli
Wien, Osterreichische Nationalbibliothek, 411;Libellus in modum symboli
Vaticano,Biblioteca Apostolica Vaticana, Pal. lat. 575;Libellus in modum symboli
Lugo, Biblioteca Capitular;Libellus in modum symboli
Manuscript_OviedoBibliotecadelacatedral;Libellus in modum symboli
Manuscript_CarrionCondesmonasteroSanZoilo;Libellus in modum symboli
Manuscript_SanPedrodeMontes;Libellus in modum symboli
Manuscript_Celanova;Libellus in modum symboli
Manuscript_Ona;Libellus in modum symboli
Manuscript_SanJuan delaPena;Libellus in modum symboli
Manuscript_SanPedrodeCardena;Libellus in modum symboli
codex_Hispalense;Libellus in modum symboli
Manuscript_SanPedrodeArlanza;Libellus in modum symboli
Berlin, Staatsbibliothek zu Berlin, PreuBischer Kulturbesitz, Hamilton 132;Libellus in modum symboli
Vaticano, Biblioteca Apostolica Vaticana, Vat. lat.1341;Libellus in modum symboli
Angers, Bibliotheque Municipale, 367(354);Libellus in modum symboli
Boulogne-sur-mer, Bibliotheque Municipale, 115;Libellus in modum symboli
Boulogne-sur-mer, Bibliotheque Municipale, 116, tom. 1;Libellus in modum symboli
Cambrai, Bibliotheque Municipale, 624(575);Libellus in modum symboli
Chartes, Bibliotheque Municipale, 376( olim 140);Libellus in modum symboli
Douai, Bibliotheque Municipale, 582, tom. 1;Libellus in modum symboli
Eton, Eton College Library, 97 (olim Bl.1.6);Libellus in modum symboli
Lincoln, Lincoln Cathedral Library, 161 (olim B.2.3);Libellus in modum symboli
London, British Library, Royal 9 B XII;Libellus in modum symboli
London, British Library, Royal 11 D IV;Libellus in modum symboli
London, British Library, Royal 11 D VIII;Libellus in modum symboli
London, British Library, Cotton Claudius D IX;Libellus in modum symboli
Milano, Biblioteca Ambrosiana, A 87 inf.;Libellus in modum symboli
Montpellier, Bibliotheque interuniversitaire, Faculte de Medecine, H 3, tom. 1;Libellus in modum symboli
Paris, Bibliotheque de lAssemblee Nationale, 27 (B 19);Libellus in modum symboli
Paris, Bibliotheque Nationale de France, lat. 1563;Libellus in modum symboli
Paris, Bibliotheque Nationale de France, lat. 3853;Libellus in modum symboli
Paris, Bibliotheque Nationale de France, lat. 3855;Libellus in modum symboli
Paris, Bibliotheque Nationale de France, lat. 14314;Libellus in modum symboli
Roma, Biblioteca Casanatense, 221 (D III 16);Libellus in modum symboli
Saint-Omer, Bibliotheque Municipale, 189, tom. 2;Libellus in modum symboli
Torino, Biblioteca Nazionale Universitaria, E II 26;Libellus in modum symboli
Vaticano, Biblioteca Apostolica Vaticana, Ottob. lat. 93;Libellus in modum symboli
Vaticano, Biblioteca Apostolica Vaticana, Vat. lat. 630;Libellus in modum symboli
Vaticano, Biblioteca Apostolica Vaticana, Vat. lat. 631, tom. 1;Libellus in modum symboli
Vaticano, Biblioteca Apostolica Vaticana, Vat. lat. 1340;Libellus in modum symboli
Vendome, Bibliotheque municipale 91;Libellus in modum symboli
Venezia, Biblioteca Nazionale di San Marco, lat. Z 168 (1615);Libellus in modum symboli
Vaticano, Biblioteca Apostolica Vaticana, Vat. lat. 1338;Libellus in modum symboli
Paris, Bibliotheque Nationale de France, lat. 1455;Libellus in modum symboli
Paris, Bibliotheque Nationale de France, lat. 3846;Libellus in modum symboli
Laon, Bibliotheque Municipale, 330;Libellus in modum symboli
Subiaco, Biblioteca ed Archivio del Monumento Nazionale di Santa Scolastica, LXII(64);Commonitorium de errore Priscillianistarum et Origenistarum
Milano, Biblioteca Capitolare dellArcibasilica di Sant'Amborgio, Perg.s. XII, nr. 208;Commonitorium de errore Priscillianistarum et Origenistarum
Paris, Bibliotheque Nationale de France, lat. 2093;Commonitorium de errore Priscillianistarum et Origenistarum
Troyes, Bibliotheque Municipale(Mediatheque de lAgglomeration troyenne), 610;Commonitorium de errore Priscillianistarum et Origenistarum
Montecassino, Biblioteca del Monumento Nazionale di Montecassino, 16;Commonitorium de errore Priscillianistarum et Origenistarum
Philadelphia, University Library, lat. 63;Commonitorium de errore Priscillianistarum et Origenistarum
Sevilla, Biblioteca Capitular y Colombina, 85-5-3;Commonitorium de errore Priscillianistarum et Origenistarum
Paris, Bibliotheque Nationale de France, lat. 15298;Commonitorium de errore Priscillianistarum et Origenistarum
Cesena, Biblioteca Malatestiana, D XXI 5;Commonitorium de errore Priscillianistarum et Origenistarum
Escorial, Real Biblioteca del Monasterio de San Lorenzo del Escorial, a I 10;Commonitorium de errore Priscillianistarum et Origenistarum
Vaticano, Biblioteca Apostolica Vaticana, Vat. lat. 495;Commonitorium de errore Priscillianistarum et Origenistarum
Vaticano, Biblioteca Apostolica Vaticana, Vat. lat. 499;Commonitorium de errore Priscillianistarum et Origenistarum
Firenze, Biblioteca Medicea Laurenziana, Plut. 65.1;Commonitorium de errore Priscillianistarum et Origenistarum
Milano, Biblioteca Ambrosiana, D 23 sup.;Historarium adversum paganos libri VII
Laon, Bibliotheque Municipale, 137;Historarium adversum paganos libri VII
Donaueschingen, Furstliche Furstenbergische Hofbibliothek, 18 (private collection);Historarium adversum paganos libri VII
Munchen, Bayerische Staatsbibliothek, Clm 29022;Historarium adversum paganos libri VII
Albi, Bibliotheque Municipale, 29;Historarium adversum paganos libri VII
Munchen, Bayerische Staatsbibliothek, Clm 6308;Historarium adversum paganos libri VII
Paris, Bibliotheque Nationale de France, lat. 9665;Historarium adversum paganos libri VII
Vaticano, Biblioteca Apostolica Vaticana, Pal. lat. 829;Historarium adversum paganos libri VII
Vaticano, Biblioteca Apostolica Vaticana, Reg. lat. 296;Historarium adversum paganos libri VII
Valenciennes, Bibliotheque Municipale, 545;Historarium adversum paganos libri VII
Sankt-Peterburg, Gosudarstvennaia Publicnaia Biblioteka im M. E. Saltykova-Scedrina, lat. F.v.1.9;Historarium adversum paganos libri VII
Munchen, Bayerische Staatsbibliothek, Clm 396;Historarium adversum paganos libri VII
Berlin, Staatsbibliothek zu Berlin, Preussischer Kultorbesitz, Dep. Breslau 5;Historarium adversum paganos libri VII
Sankt-Gallen, Stiftsbibliothek, 621;Historarium adversum paganos libri VII
Bamberg, Staatarchiv, Fragm. A 246 Nr 21;Historarium adversum paganos libri VII
Vercelli, Biblioteca Capitolare Eusebiana, 159;Historarium adversum paganos libri VII
Wien, Osterreichische Nationalbibliothek, 366;Historarium adversum paganos libri VII
Einsiedeln, Stiftsbilbiothek, 351;Historarium adversum paganos libri VII
Leiden, Bibliotheek der Rijkuniversiteit, Voss. lat. Q 20-III;Historarium adversum paganos libri VII
Leiden, Bibliotheek der Rijkuniversiteit, Voss. lat. F 18;Historarium adversum paganos libri VII
Leiden, Bibliotheek der Rijkuniversiteit, Voss. lat. F  13;Historarium adversum paganos libri VII
Trier, Stadtbibliothek, 1096;Historarium adversum paganos libri VII
Vaticano Biblioteca Apostolica Vaticana, Vat. lat. 1974-I;Historarium adversum paganos libri VII
Vaticano Biblioteca Apostolica Vaticana, Vat. lat. 3339-I;Historarium adversum paganos libri VII
Firenze, Biblioteca Medicea Laurenziana, Plut. 65. 35;Historarium adversum paganos libri VII
Bern, Burgerbibliothek 128;Historarium adversum paganos libri VII
Munchen, Bayerische Staatsbibliothek, Clm 6380;Historarium adversum paganos libri VII
Trier, Staatsbibliothek, 1094;Historarium adversum paganos libri VII
Munchen, Bayerische Staatsbibliothek, Clm 10292;Historarium adversum paganos libri VII
Firenze, Biblioteca Medicea Laurenziana, Plut. 20 Sin. cod. 2;Historarium adversum paganos libri VII
Bern, Burgerbibliothek, 160;Historarium adversum paganos libri VII
Venezia, Biblioteca Nazionale di San Maroc lat. Z 349 (1830);Historarium adversum paganos libri VII
Munchen, Bayerische Staatsbibliothek, Clm 22025;Historarium adversum paganos libri VII
Munchen, Bayerische Staatsbibliothek, Clm 13041;Historarium adversum paganos libri VII
Munchen, Bayerische Staatsbibliothek, Clm 26303;Historarium adversum paganos libri VII
Vaticano, Biblioteca Apostolica Vaticana, Pal. lat. 828-IV;Historarium adversum paganos libri VII
London, Bodleian Library, Royal 6 C VIII;Historarium adversum paganos libri VII
Leiden, Bibliotheek der Rijkuniversiteit, BPL 110;Historarium adversum paganos libri VII
Firenze, Biblioteca Medicea Laurenziana, Plut. 89 sup. 21;Historarium adversum paganos libri VII
Leiden, Bibliotheek der Rijkuniversiteit, Perizonius F 22;Historarium adversum paganos libri VII
Leiden, Bibliotheek der Rijkuniversiteit, Perizonius F 7-II;Historarium adversum paganos libri VII
Leiden, Bibliotheek der Rijkuniversiteit, BPL 80;Historarium adversum paganos libri VII
Chartes, BM, 9 (20);Historarium adversum paganos libri VII
Chartes, BM, 97 (72);Historarium adversum paganos libri VII
Metz, BM, 187;Historarium adversum paganos libri VII
Metz, BM, 362;Historarium adversum paganos libri VII
Metz, BM, 185;Historarium adversum paganos libri VII
Metz, BM, 186;Historarium adversum paganos libri VII
Wroclaw, BU, Rehdiger 107;Historarium adversum paganos libri VII
Wroclaw, BU, Rehdiger 108;Historarium adversum paganos libri VII
Wroclaw, BU, Rehdiger 239;Historarium adversum paganos libri VII
Wroclaw, BU, Rehdiger 106;Historarium adversum paganos libri VII
Vaticano, Biblioteca Apostolica Vaticana, Reg. lat. 772;Historarium adversum paganos libri VII
Vaticano, Biblioteca Apostolica Vaticana, Vat. lat. 1977;Historarium adversum paganos libri VII
aticano, Biblioteca Apostolica Vaticana, Reg. lat. 632;Historarium adversum paganos libri VII
Boulogne-sur-mer, Bibliotheque Municipale, 126;Historarium adversum paganos libri VII
Metz, bibliotheque municipale, 362;Historarium adversum paganos libri VII
Montecassino, Biblioteca del Monumento Nazionale di Monte Cassino, 303;Historarium adversum paganos libri VII
Oxford, Bodleian Library, Auctarius T 1 23;Historarium adversum paganos libri VII
Paris, Bibliotheque Nationale de France, lat. 4871;Historarium adversum paganos libri VII
Paris, Bibliotheque Nationale de France, lat. 9666;Historarium adversum paganos libri VII
Paris, Bibliotheque Nationale de France, lat. 15007;Historarium adversum paganos libri VII
Paris, Bibliotheque Nationale de France, lat. 17567;Historarium adversum paganos libri VII
Saint-Omer, Bibliotheque Municipale, 717;Historarium adversum paganos libri VII
Vaticano, Biblioteca Apostolica Vaticana, Reg. lat. 691;Historarium adversum paganos libri VII
Vaticano, Biblioteca Apostolica Vaticana, Vat. lat. 3339;Historarium adversum paganos libri VII
Vendome, Bibliotheque Municipale, 99;Historarium adversum paganos libri VII
Paris, Bibliotheque Nationale de France, lat. 12495;Historarium adversum paganos libri VII
Munchen, Bayerische Staatsbibliothek, Clm 29416;Historarium adversum paganos libri VII
Munchen, Bayerische Staatsbibliothek, Clm 6315;Historarium adversum paganos libri VII
Paris, Bibliotheque Nationale de France, lat. 17349(olim S. Cornelii Compediensis);Historarium adversum paganos libri VII
Paris, Bibliotheque Nationale de France, lat. 1863;Liber apologeticus contra Pelaganios
Vaticano, Biblioteca Apostolica Vaticana, Reg. lat. 286(olim 1501);Liber apologeticus contra Pelaganios
Troyes, Bibliotheque Municipale,1145;Liber apologeticus contra Pelaganios
Saint-Omer, Bibliotheque Municipale, 61;Liber apologeticus contra Pelaganios
Oxford, Bodleian Library, Laud. misc. 452;Liber apologeticus contra Pelaganios
Paris, Bibliotheque nationale de France, lat. 12140;De Lazaro
Angers, Bibliotheque Municipale, 147;De Lazaro
Sankt-Gallen, Stiftsbibliothek, 103;De Lazaro
Firenze, Biblioteca Medicea Laurenziana, Ashburnham 13 (57-14);De Lazaro
Saint-Omer, Bibliotheque Municipale, 97;De Lazaro
Bruxelles, Bibliotheque royale de Belgique, II 989 (1203);De Lazaro
Montecassino, Biblioteca del Monumento nazionale di Monte Cassino, 12;De Lazaro
Paris, Bibliotheque nationale de France, lat. 2651;De Lazaro
Rouen, Bibliotheque Municipale, 440;De Lazaro
Laon, Bibliotheque municipale, 302;De Lazaro
Bruxelles, Bibliotheque royale de Belgique, 1258-1259 (1204);De Lazaro
Berlin, Staatsbibliothek zu Berlin, Preussischer Kulturbesitz,Phillipps 1673 (Rose 44);De Lazaro
Paris, Bibliotheque Nationale de France, lat. 12141;De Lazaro
Escorial, Real Biblioteca del Monasterio de San Lorenzo del Escorial, r III 5;De Lazaro
Munchen, Bayerische Staatsbibliothek, Clm 8109 (Mag. 9);De Lazaro
Paris, Bibliotheque de lArsenal, 175;De Lazaro
Paris, Bibliotheque nationale de France, lat. 1769;De Lazaro
Poitiers, Bibliotheque Municipale, 62 (252);De Lazaro
Arras, Bibliotheque municipale, 133;De Lazaro
Douai, Bibliotheque Municipale, 212;De Lazaro
Vaticano, Biblioteca Apostolica Vaticana, Vat. lat. 399;De Lazaro
Montecassino, Biblioteca del Monumento Nazionale di Monte Cassino, 288 F;De Lazaro
Klosterneuburg, Bibliothek des Augustiner-Chorber-renstiftes, 200;De Lazaro
Munchen, Bayerische Staatsbibliothek, Clm 10895;De Lazaro
Reims, Abbaye de Reims, codex Remensis 31;De Lazaro
Pistoia, Archivio Capitolare del Duomo, C 134;De Lazaro
Vaticano, Biblioteca Apostolica Vaticana, Urb. lat. 504;De Lazaro
Napoli, Biblioteca Nazionale Vittorio Emmanuele III, VI D 31;De Lazaro
Oxford, Bodleian Library, Lat. th. d. 28;De Lazaro
Lugano, Biblioteca Cantonale, Fondo antico D. 2. E. 19;De Lazaro
Firenze, Biblioteca Medicea Laurenziana, Ashburnham, 135;De Lazaro
Venezia, Biblioteca Nazionale di San Marco, lat. II 85 (2050);De Lazaro
Vaticano, Biblioteca Apostolica Vaticana, Vat. lat. 1235;De Lazaro
Vaticano, Biblioteca Apostolica Vaticana, Archivio di San Pietro F 33;De Lazaro
Verona, Biblioteca Capitolare, XLIX(47);De Lazaro
Verona, Biblioteca Civica, 798(2007);De Lazaro
Venezia, Biblioteca Nazionale di San Marco, lat. II 83 (2200);De Lazaro
Vaticano, Biblioteca Apostolica Vaticana, Vat. lat. 1234;De Lazaro
Vaticano, Biblioteca Apostolica Vaticana, Vat. lat. 1233;De Lazaro
Biblioteca Palatina, Pal. 347;De Lazaro
Manuscript_Sparaverianus;De Lazaro
Pistoia, Archivo Capitolare del Duomo, C 134;De martyrio Esaiae Prophetae
Vaticano, Biblioteca Apostolica Vaticana, Urb. lat. 504;De martyrio Esaiae Prophetae
Venezia, Biblioteca Nazionale du San Marco, lat. II 85 (2050);De martyrio Esaiae Prophetae
Vaticano, Biblioteca Apostolica Vaticana, Vat. lat. 1235;De martyrio Esaiae Prophetae
Vaticano, Biblioteca Apostolica Vaticana, Archivio di San Pietro F 33;De martyrio Esaiae Prophetae
Verona, Biblioteca Capitolare, XLIX (47);De martyrio Esaiae Prophetae
Verona, Biblioteca Civica, 798(2007);De martyrio Esaiae Prophetae
Venezia, Biblioteca Nazionale di San Marco, lat. II 83 (2200);De martyrio Esaiae Prophetae
Vaticano, Biblioteca Apostolica Vaticana, Vat. lat. 1234;De martyrio Esaiae Prophetae
Vaticano, Biblioteca Apostolica Vaticana, Vat. lat. 1233;De martyrio Esaiae Prophetae
Parma, Biblioteca Palatina, Pal. 347;De martyrio Esaiae Prophetae
Verona,Sparauerianus;De martyrio Esaiae Prophetae
Escorial, Real Biblioteca del Monasterio de San Lorenzo del Escorial, a II 3;De martyrio Esaiae Prophetae
Escorial, Real Biblioteca del Monasterio de San Lorenzo del Escorial, &  I 4;De substantia Patris et Filiis et Spiritus sancti
Madrid, Archivo Historico Nacional, 1007 B;De substantia Patris et Filiis et Spiritus sancti
Biblioteca Publica Municipal, 25;De substantia Patris et Filiis et Spiritus sancti
Madrid, Biblioteca de la Universidad Central, Fondo Historico 134 (116-Z-46);De substantia Patris et Filiis et Spiritus sancti
London, British Library, Harley 3169;De substantia Patris et Filiis et Spiritus sancti
Oxford, Bodleian Library, Canon. Patr. lat. 112;De substantia Patris et Filiis et Spiritus sancti
Boulogne-sur-mer, Bibliotheque municipale, 29;Epistula ad Athanasium
London, British Library, Royal 6 A VIII;Epistula ad Athanasium
Paris, Bibliotheque nationale de France, lat. 12131;Epistula ad Athanasium
Paris, Bibliotheque nationale de France, lat. 1685;Epistula ad Athanasium
Selestat, Bibliotheque municipale, 77;Epistula ad Athanasium
Oxford, Trinity College, 25;Epistula ad Athanasium
Oxford, Jesus College, 43;Epistula ad Athanasium
Paris, Bibliotheque nationale de France, lat. 1684;Epistula ad Athanasium
London, British Library, Royal 6 B XIII;Epistula ad Athanasium
Oxford, Bodleian Library, Bodl. 147;Epistula ad Athanasium
Rouen, Bibliotheque Municipale, 425 (A 178);Epistula ad Athanasium
Paris, Bibliotheque nationale de France, lat. 1683;Epistula ad Athanasium
Cambridge, Trinity College, 1286(O 5 5);Epistula ad Athanasium
Saint-Mihiel, Bibliotheque Municipale, 28;Epistula ad Athanasium
London,  British Library, Add. 26762;Epistula ad Athanasium
Pistoia, A. Cap., C 160bis;Epistula ad Athanasium
Vaticano, BAV, Vat. lat. 5729;Canones in Pauli apostoli epistulas a Peregrino episcopo emendati
Vaticano, BAV, Vat. lat 8484;Canones in Pauli apostoli epistulas a Peregrino episcopo emendati
Leon, A. Cat. 6;Canones in Pauli apostoli epistulas a Peregrino episcopo emendati
Leon, A. S., Isidoro, 2;Canones in Pauli apostoli epistulas a Peregrino episcopo emendati
Vaticano, BAV, lat. 4859;Canones in Pauli apostoli epistulas a Peregrino episcopo emendati
Madrid, BN, Vitr. 13.1;Canones in Pauli apostoli epistulas a Peregrino episcopo emendati
Paris, BNF, lat. 9380;Canones in Pauli apostoli epistulas a Peregrino episcopo emendati
Leipzig, UB, 13;Canones in Pauli apostoli epistulas a Peregrino episcopo emendati
London, BL, Add. 24142;Canones in Pauli apostoli epistulas a Peregrino episcopo emendati
Stuttgart, Wurttembergische Landesbibliothek, HB II 54;Canones in Pauli apostoli epistulas a Peregrino episcopo emendati
Einsiedeln, StiftsB, 16;Canones in Pauli apostoli epistulas a Peregrino episcopo emendati
Manuscript_Canones_14;Canones in Pauli apostoli epistulas a Peregrino episcopo emendati
Manuscript_Canones_15;Canones in Pauli apostoli epistulas a Peregrino episcopo emendati
Manuscript_Canones_16;Canones in Pauli apostoli epistulas a Peregrino episcopo emendati
Manuscript_Canones_17;Canones in Pauli apostoli epistulas a Peregrino episcopo emendati
Manuscript_Canones_18;Canones in Pauli apostoli epistulas a Peregrino episcopo emendati
Manuscript_Canones_19;Canones in Pauli apostoli epistulas a Peregrino episcopo emendati
Manuscript_Canones_20;Canones in Pauli apostoli epistulas a Peregrino episcopo emendati
Manuscript_Canones_21;Canones in Pauli apostoli epistulas a Peregrino episcopo emendati
Manuscript_Canones_22;Canones in Pauli apostoli epistulas a Peregrino episcopo emendati
Universitatsbibliothek di Wurzburg, UB, Mp. th. q. 3;Canones in Pauli apostoli epistulas a Peregrino episcopo emendati
Vaticano, Biblioteca Apostolica Vaticana, Pal. lat. 856;Tractatus XI
Cambrai, Mediatheque Municipale, 846(751);Epistula de conuersione Iudaeorum apud Minorcam insulam meritis sancti Stephani facta
Charleville-Mezieres, Bibliotheque municipale, 117;Epistula de conuersione Iudaeorum apud Minorcam insulam meritis sancti Stephani facta
Bruxelles, Bibliotheque royale de Belgique, II 973 (3286) (Phill. 364);Epistula de conuersione Iudaeorum apud Minorcam insulam meritis sancti Stephani facta
Wolfenbutell, Herzog-August-Bibliothek, Aug. 276. 14(2738);Epistula de conuersione Iudaeorum apud Minorcam insulam meritis sancti Stephani facta
Cambrai, Mediatheque Municipale, 856(760);Epistula de conuersione Iudaeorum apud Minorcam insulam meritis sancti Stephani facta
Vaticano, Biblioteca Apostolica Vaticana, Vat. lat. 1188;Epistula de conuersione Iudaeorum apud Minorcam insulam meritis sancti Stephani facta
Karlsruhe, Badische Landesbibliothek, Augiensis perg. 18;Epistula de conuersione Iudaeorum apud Minorcam insulam meritis sancti Stephani facta
Berlin, Staatsbibliothek zu Berlin, preubischer Kulturbesitz, Philipps 1671 (Rose 78);Regulae definitionum contra haereticos prolatae
Oxford, Balliol College, 147;Regulae definitionum contra haereticos prolatae
Oxford, Bodleian Library, Grabe 12;Regulae definitionum contra haereticos prolatae
Milano, Biblioteca Ambrosiana M79 sup.;Regulae definitionum contra haereticos prolatae
Oxford, Mrton College, 26  (B . III.4);Regulae definitionum contra haereticos prolatae
Paris, Bibliotheque Mazarine, 627;Regulae definitionum contra haereticos prolatae
Reims, Bibliotheque detude et du patrimoine (Bibliotheque Carnegie), 295 (E. 380);Regulae definitionum contra haereticos prolatae
Augsburg, Staats- und Stadtbibliothek, 2 Cod. 517;Regulae definitionum contra haereticos prolatae
Vaticano, Biblioteca Apostolica Vaticana, Reg. Lat. 557;Regulae definitionum contra haereticos prolatae
Escurial, Biblioteca del Real Monasterio de San Lorenzo de El Escorial, I-F-11;Regulae definitionum contra haereticos prolatae
Toledo, Archivo y Biblioteca Capitular, 27-24;Epistula ad Idacium et Ceponium
Manuscript_SanMilladelaCogola;Epistula ad Idacium et Ceponium
Berlin, Staastbibliothek zu Berlin, Preussischer Kulturbesitz, Philipps 1671 (Rose 78);Epistula ad Idacium et Ceponium
Koln, Erzbischofliche Diozan-und Dombibliotrk, 213;Fides  sancti Ambrosii
Lucca, Biblioteca Capitolare Feliniana, 490;Fides  sancti Ambrosii
Munchen, Bayerische Staatsbibliothek, Clm 5508 (Diess. 8);Fides  sancti Ambrosii
Paris, Bibliotheque Nationale de France, lat. 1455;Fides  sancti Ambrosii
Paris, Bibliotheque Nationale de France, lat. 3836;Fides  sancti Ambrosii
Sankt Paul in Lavanttal, Bibliothek des Benediktinerstifts, 7/1 (olim  XXIX Kassette 1);Fides  sancti Ambrosii
Arras, Bibliotheque Municipale, 644 (572);Fides  sancti Ambrosii
Gravenhage, Koninklijke Bibliotheek, 130 E 6;Fides  sancti Ambrosii
Montecassino, Biblioteca del Monumento Nazionale di Monte Cassino, 30;Fides  sancti Ambrosii
Oxford, Oriel College, 42;Fides  sancti Ambrosii
Paris, Bibliotheque Nationale de France, lat. 1454;Fides  sancti Ambrosii
Paris, Bibliotheque Nationale de France, lat. 3842A;Fides  sancti Ambrosii
Paris, Bibliotheque Nationale de France, lat. 3848A;Fides  sancti Ambrosii
Vaticano, Biblioteca Apostolica Vaticana, Vat. Lat. 1328;Fides  sancti Ambrosii
Wien, Osterreichische National Bibliothek, 2141;Fides  sancti Ambrosii
Wien, Osterreichische National Bibliothek, 2147;Fides  sancti Ambrosii
Escorial, real Biblioteca del Monasteriode San Lorenzo del Escorial, l III 8;Fides  sancti Ambrosii
Orleans, Bibliotheque Municipale, 149;Fides  sancti Ambrosii
Vaticano, Biblioteca Apostolica Vaticana, Reg. lat. 191;Fides  sancti Ambrosii
Ausburg, Staats- und Stadtbibliothek, 2 Cod.517;Fides  sancti Ambrosii
Karlsruhe, Badische Landesbibliothek, Aug. Perg. 18;Fides  sancti Ambrosii
Leiden, Universiteitbibliotheek, BPL 67 F;Fides  sancti Ambrosii
Paris, Bibliotheque nationale de France, lat. 2076;Fides  sancti Ambrosii
Paris, Bibliotheque nationale de France, lat. 2341;Fides  sancti Ambrosii
Sankt Gallen, Stiftsbibliothek 40;Fides  sancti Ambrosii
Vaticano, Biblioteca Apostolica Vaticana, Pal. lat. 176;Fides  sancti Ambrosii
Wien, Osterreichische Nationalbibliothek, 1032(Theol. 397);Fides  sancti Ambrosii
Bruxelles, Bibliotheque royale de Belgique, 8654-72 (1324);Fides  sancti Ambrosii
London, British Library, Cotton Vespasian, D XIV;Fides  sancti Ambrosii
Munchen, Bayerische Staatsbibliothek, Clm 7420 (Ind.20);Fides  sancti Ambrosii
Paris, Bibliotheque Nationale de France, lat. 2390;Fides  sancti Ambrosii
Paris, Bibliotheque Nationale de France, lat. 14085;Fides  sancti Ambrosii
Vaticano, Biblioteca Apostolica Vaticana, Pages 1;Fides  sancti Ambrosii
Wien, Osterreichische Nationalbibliothek, 1861 (Theol. 652);Fides  sancti Ambrosii
Milano, Biblioteca Ambrosiana, I 101 sup.;Fides  sancti Ambrosii
Constitutum Constantini;Fides  sancti Ambrosii
Paris, Bibliotheque Nationale de France, lat. 2341;Fides  sancti Ambrosii
Paris, Bibliotheque Nationale de France, lat. 2076;Fides
Erlangen, Universitatsbilbiothek, 170;Fides
Nurnberg, Stadtbibliothek, Cent. I 54;Fides
Madrid, Mus. Arq. Nac., 133;Fides
Madrid, Mus. Arq. Nac., 133;Cartula donationis
Paris, Bibliotheque Nationale de France, lat. 8084;Testamentum
Verona, B. Cap. LX (58);Epistula facta ad Iulium urbis Romae episcopum
Paris, BNF, lat. 3842A;Osii et Protogenis Serdicensis epistula ad Iulium papam
Paris, BNF, lat. 1454;Doctrina Osii episcopi de observatione disciplinae dominicae
Fleury, s1_Ossius_NA;Doctrina Osii episcopi de observatione disciplinae dominicae
Paris, BNF, lat. 4886;Doctrina Osii episcopi de observatione disciplinae dominicae
Laon, BM, 113;Dicta Leonis
Karlsruhe, BLB, Augiensis 254;De trinitate fidei catholicae
Wurzburgh, UB, Mp. Th. F. 28;"Apocrypha ""Priscillianistica"""
Munchen, BSB, Clm, 4585;Epistula Titi de dispositione sanctimonii
Napoli, BN, ex Vind. Lat. 2;Apocalypsis Thomae
Vaticano, BAV, lat. 220;Apocalypsis Thomae
Verona, B. Cap. I(1);Apocalypsis Thomae
Munchen, BSB, Clm 4563;Apocalypsis Thomae
Wurzburg, UB, Mp. Th. F. 28;Apocalypsis Thomae
Munchen, BSB, Clm 8439, ;Apocalypsis Thomae
Einsiedeln, StiftsB, 319;Apocalypsis Thomae
Wien, ONB, 1878;Apocalypsis Thomae
Toronto, Bergendal Coll., frg. 24-25;Apocalypsis Thomae
Vaticano, BAV. , Reg. Lat. 49;Apocalypsis Thomae
Oxford, Bodl. Libr., Hatton 26, pars II;Apocalypsis Thomae
Praha, A. Prazsk. Hrad., Knihn. Metrop. Kap., O 83;Apocalypsis Thomae
Escorial, , B. Mon., a II 9;Fragmentum de creatione mundi
Paris, BNF, nouvelles acquisitions, lat. 2178;Vita S. Heliae
Reims, Bibliotheque Municipale, 229, Ora 376;Vita S. Heliae
Lucca, Biblioteca Capitulare Feliniana, 14;De Salomone et Explanatio beati Hieronymi
Bamberg, Staatsbibliothek, Msc. Patr. 4 (B II 6);De Salomone et Explanatio beati Hieronymi
Durham, Cathedral Library, B IV 12;De Salomone et Explanatio beati Hieronymi
Cambridge, Trinity College, 1434 ( O 9 22);De Salomone et Explanatio beati Hieronymi
Bamberg, Staatsbibliothek, Msc. Patr. 5 (B II 5);De Salomone et Explanatio beati Hieronymi
Paris, Bibliotheque Nationale de France, lat. 2618;De Salomone et Explanatio beati Hieronymi
Erlangen, Universitaatbibliothek, 164, f. 95-99;De Salomone et Explanatio beati Hieronymi
Madrid, Biblioteca Nacional, 10049;De Salomone et Explanatio beati Hieronymi
Cesena, Biblioteca Comunale Malatestiana, D IX 5;De Salomone et Explanatio beati Hieronymi
Wien, Osterreichische NationalBibliothek, 3925;De Salomone et Explanatio beati Hieronymi
London, British Library, Harley, 3049;De Salomone et Explanatio beati Hieronymi
Firenze, Biblioteca Medicea Laurenziana, Plut. 14.5;De Salomone et Explanatio beati Hieronymi
Firenze, Biblioteca Medicea Laurenziana, Fies. 23;De Salomone et Explanatio beati Hieronymi
Firenze, Biblioteca Medicea Laurenziana, Fies. 27;De Salomone et Explanatio beati Hieronymi
Krakow, Universytet Jagiellonsky Biblioteka Jagiellonska, 1192;De Salomone et Explanatio beati Hieronymi
Berlin,  Staatsbibliothek zu Berlin, Preussischer Kultubesitz, Philipps 1675 (Rose 18);De Salomone et Explanatio beati Hieronymi
Bruxelles, Bibliotheque royale de Belgique, 66-76 (1033);De diversis generibus leprarum
Cambridge, Peterhouse College, 245 (2.4.7);De diversis generibus leprarum
Escorial, Real biblioteca del Monasterio de San Lorenzo del Escorial, a I 1 ;De diversis generibus leprarum
Escorial, Real biblioteca del Monasterio de San Lorenzo del Escorial, a II 3;De diversis generibus leprarum
Escorial, Real biblioteca del Monasterio de San Lorenzo del Escorial, & I 4;De diversis generibus leprarum
Firenze, Biblioteca Medicea Laurenziana, Fies. 27;De diversis generibus leprarum
Firenze, Biblioteca Medicea Laurenziana, Plut. 19. 10;De diversis generibus leprarum
Leipzig, Universitatbibliothek, 225;De diversis generibus leprarum
Leipzig, Universitatbibliothek, 227;De diversis generibus leprarum
London , British Library, Harley 3109;De diversis generibus leprarum
Madrid, Biblioteca Nacional 26 (B 29);De diversis generibus leprarum
Milano, Biblioteca Ambrosiana, C 250 inf. ;De diversis generibus leprarum
Milano, Biblioteca Ambrosiana,  H 59 sup.;De diversis generibus leprarum
Montecassino, Biblioteca del Monumento Nazionale di Montecassino, 92;De diversis generibus leprarum
Oxford, Balliol College, 229;De diversis generibus leprarum
Paris, Bibliotheque Mazarine, 574(268);De diversis generibus leprarum
Paris, Bibliotheque Mazarine, 575(263);De diversis generibus leprarum
Paris, Bibliotheque Nationale de France, lat. 1890;De diversis generibus leprarum
Reims, Bibliotheque Municipale, 386 (E 248);De diversis generibus leprarum
Vaticano, Biblioteca Apostolica Vaticana, Urb. Lat. 51;De diversis generibus leprarum
Vaticano, Biblioteca Apostolica Vaticana, Vat. Lat. 343;De diversis generibus leprarum
Vaticano, Biblioteca Apostolica Vaticana, Vat. Lat. 348;De diversis generibus leprarum
Vaticano, Biblioteca Apostolica Vaticana, Vat. Lat. 349;De diversis generibus leprarum
Vaticano, Biblioteca Apostolica Vaticana, Vat. Lat. 353;De diversis generibus leprarum
Vaticano, Biblioteca Apostolica Vaticana, Vat. Lat. 360;De diversis generibus leprarum
Vaticano, Biblioteca Apostolica Vaticana, Vat. Lat. 361;De diversis generibus leprarum
Vaticano, Biblioteca Apostolica Vaticana, Vat. Lat. 362;De diversis generibus leprarum
Venezia, Biblioteca Nazionale di San Marco, lat. Z 48(1927);De diversis generibus leprarum
Wien, Osterreichische Nationalbibliothek, 1005;De diversis generibus leprarum
Zurich, Zentralbibliothek, C 99(265);De diversis generibus leprarum
Berlin, Staatsbibliothek zu Berlin, Preussischer Kulturbesitz, Theol. Lat. 2465;De diversis generibus leprarum
Berlin, Staatsbibliothek zu Berlin, Preussischer Kulturbesitz, Theol. Lat. 2558;De diversis generibus leprarum
Cesena, Biblioteca Communale Malatestiana, D IX 2;De diversis generibus leprarum
Chicago, Newberry Library, 102.2;De diversis generibus leprarum
Darmstadt, Hessische Landes- und Hochschulbibliothek, 795;De diversis generibus leprarum
Ebstrof, Bibliothek des Klosters, IV 6;De diversis generibus leprarum
Milano, Biblioteca Ambrosiana, D 551 inf.;De diversis generibus leprarum
Roma, Biblioteca Vallicelliana, F 63;De diversis generibus leprarum
London, British Library, Add. 24902;Epistula ad Augustinum de haeresibus
Bruxelles,  Bibliotheque Royale de Belgique, 2499-2510;Epistula ad Augustinum de haeresibus
Bruxelles,  Bibliotheque Royale de Belgique, II 968;Epistula ad Augustinum de haeresibus
Cambrai,  Bibliotheque Municipale, 405;Epistula ad Augustinum de haeresibus
London, British Library, Add. 24902, f. 35v-62v;Epistula ad Augustinum de haeresibus
Saint-Omer, Bibliotheque Municipale, 694;Epistula ad Augustinum de haeresibus
Troyes, Bibliotheque Municipale, 972;Epistula ad Augustinum de haeresibus
Troyes, Bibliotheque Municipale, 1532;Epistula ad Augustinum de haeresibus
Manuscript_Cronica_Lorsch;Continuatio Chronicorum Hieronymianorum ad a. 468
Berlin, Staatsbibliothek zu Berlin, Preussischer Kulturbesitz, Phillipps 1829;Continuatio Chronicorum Hieronymianorum ad a. 468
Madrid, Biblioteca dela Universidad Central, 134;Continuatio Chronicorum Hieronymianorum ad a. 472
Manuscript_Cronica_1;Continuatio Chronicorum Hieronymianorum ad a. 475
Manuscript_Cronica_Alcobaca;Continuatio Chronicorum Hieronymianorum ad a. 477
Manuscript_Cronica_Osma;Continuatio Chronicorum Hieronymianorum ad a. 478
Sankt Gallen, Stiftsbibliothek, 230;Dialogus Quaestionum
Leiden, Universiteitbibliotheek, BPL 67 F;Dialogus Quaestionum
Munchen, Bayerische Staatsbibliothek, Clm 14468;Dialogus Quaestionum
Paris, Bibliotheque Nationale de France, lat. 2718;Dialogus Quaestionum
Munchen, Bayersiche Staatsbilbiothek, Clm 14500;Dialogus Quaestionum
Vaticano, Biblioteca Apostolica Vaticana, Vat. Lat. 6018;Dialogus Quaestionum
Montecassino, Biblioteca del Monumento Nazionale di Monte Cassino, 187;Dialogus Quaestionum
Montecassino, Biblioteca del Monumento Nazionale di Monte Cassino, 29;Dialogus Quaestionum
Leiden, Universiteitbibliotheek, BPL 3230;Dialogus Quaestionum
Munchen, Universitatbibliothek, 8132 (Cim. 7);Dialogus Quaestionum
Salzburg, Nonnberg Abtei, Fragm. 12;Dialogus Quaestionum
Roma, Biblioteca Vallicelliana, C 9;Dialogus Quaestionum
Mons, Bibliotheque publique et universitaire, 43/219;Dialogus Quaestionum
Munchen, Bayerische Staatsbibliothek, Clm 14492;Dialogus Quaestionum
Paris, Bibliotheque Nationale de France, lat. 13373;Dialogus Quaestionum
Escorial, Real Biblioteca del Monasterio de San Lorenzo del Escorial, b IV 17;Dialogus Quaestionum
Paris, Bibliotheque Nationale de France, lat. 2710;Dialogus Quaestionum
Leiden, Universiteitsbibliotheek, Voss. Lat. F 70 II;Dialogus Quaestionum
Autun, Bibliotheque Municipale, S 40 (36);Dialogus Quaestionum
Madrid, Biblioteca de la Real Academia de la Historia, 39;Dialogus Quaestionum
Madrid, Biblioteca Nacional, 10018;Dialogus Quaestionum
Lyon, Bibliotheque Municipale, 611;Dialogus Quaestionum
Oxford, Bodleian Library, Laud. Misc. 383;Dialogus Quaestionum
Oxford, Bodleian Library, Bodl. 385;Dialogus Quaestionum
Freiburg im Breisgau, Universitatbibliothek, 377;Dialogus Quaestionum
Roma, Biblioteca Nazionale Centrale Vittorio Emmanuele II, Vittorio Emanuele, Sess. 76;Dialogus Quaestionum
Albi, Bibliotheque municipale Rochegude, 42;Dialogus Quaestionum
Gent, Universiteit Gent, Bibliotheek, 324(SG 581);Dialogus Quaestionum
Munchen, Bayerische Staatsbibliothek, Clm 6407;Dialogus Quaestionum
Sankt-Gallen, Stiftsbibliothek, 125;Dialogus Quaestionum
Liege, Bibliotheque du Grand Seminaire, 6 F 30bis;Dialogus Quaestionum
Bamberg, Staatsbibliothek, Patr. 23 (B III 13);De altercatione Ecclesiae et Synogogae
Montecassino, Biblioteca del Monumento Nazionale di Monte Cassino, 247;De altercatione Ecclesiae et Synogogae
Munchen, Bayerische Staatsbibliothek, Clm 15819;De altercatione Ecclesiae et Synogogae
Sankt Gallen, Stiftsbibliothek zu Berlin, Preussischer Kulturbesitz, Theol. Lat. 8 157;De altercatione Ecclesiae et Synogogae
Manuscript_lReichenau;De altercatione Ecclesiae et Synogogae
Manuscript_Cluny;De altercatione Ecclesiae et Synogogae
Manuscript_Lanthony;De altercatione Ecclesiae et Synogogae
